pitches,Player,No. TJ Surgeries
52108.0,Justin Verlander,1.0
48905.0,Max Scherzer,0.0
47573.0,Zack Greinke,0.0
44996.0,Jon Lester,0.0
44494.0,Clayton Kershaw,0.0
38845.0,Cole Hamels,0.0
38680.0,Adam Wainwright,1.0
37110.0,James Shields,0.0
36752.0,Johnny Cueto,1.0
36293.0,Madison Bumgarner,0.0
35802.0,CC Sabathia,0.0
35779.0,Charlie Morton,1.0
35452.0,David Price,0.0
35231.0,Lance Lynn,1.0
34856.0,Felix Hernandez,0.0
34090.0,Rick Porcello,0.0
33573.0,Gio Gonzalez,0.0
32839.0,J.A. Happ,0.0
32554.0,Jose Quintana,0.0
32542.0,Gerrit Cole,0.0
31979.0,Anibal Sanchez,1.0
31905.0,Ian Kennedy,0.0
31626.0,Ervin Santana,0.0
31364.0,Chris Sale,1.0
30732.0,Ubaldo Jimenez,0.0
30328.0,Kyle Gibson,1.0
30315.0,Patrick Corbin,1.0
29791.0,Yovani Gallardo,0.0
29080.0,Wade Miley,1.0
28823.0,Jered Weaver,0.0
28609.0,Kevin Gausman,0.0
28369.0,Edwin Jackson,0.0
28206.0,R.A. Dickey,0.0
28137.0,Francisco Liriano,1.0
28119.0,Yu Darvish,1.0
27867.0,John Lackey,1.0
27860.0,Sonny Gray,0.0
27686.0,Ricky Nolasco,0.0
27559.0,Mike Leake,0.0
27525.0,Jason Hammel,0.0
27325.0,Dallas Keuchel,0.0
27106.0,Matt Cain,0.0
27069.0,Jake Arrieta,0.0
26546.0,Jeff Samardzija,0.0
26434.0,Nathan Eovaldi,2.0
26366.0,Tim Lincecum,0.0
26198.0,A.J. Burnett,1.0
26043.0,Matt Garza,0.0
26031.0,Carlos Carrasco,1.0
25979.0,Zack Wheeler,1.0
25951.0,Dan Haren,0.0
25834.0,Aaron Nola,0.0
25732.0,Corey Kluber,0.0
25541.0,Edinson Volquez,2.0
25452.0,Jordan Zimmermann,1.0
25426.0,Mark Buehrle,0.0
25332.0,Jeremy Guthrie,0.0
25158.0,Jordan Lyles,0.0
25090.0,Martin Perez,1.0
25055.0,Trevor Cahill,0.0
24987.0,Kyle Hendricks,0.0
24881.0,Derek Holland,0.0
24604.0,Jason Vargas,1.0
24234.0,Stephen Strasburg,1.0
23943.0,Michael Wacha,0.0
23676.0,Julio Teheran,0.0
23663.0,Jhoulys Chacin,0.0
23601.0,Mike Pelfrey,1.0
23484.0,Marcus Stroman,0.0
23444.0,Doug Fister,0.0
23160.0,Mike Minor,0.0
22755.0,Chris Archer,0.0
22718.0,Homer Bailey,1.0
22475.0,C.J. Wilson,1.0
22466.0,Trevor Bauer,0.0
22454.0,Jake Odorizzi,0.0
22372.0,Bartolo Colon,0.0
22362.0,Jose Berrios,0.0
22318.0,Aaron Harang,0.0
22240.0,John Danks,0.0
22205.0,Robbie Ray,1.0
22064.0,Cliff Lee,0.0
21989.0,Kyle Lohse,0.0
21854.0,Scott Feldman,1.0
21643.0,Bronson Arroyo,1.0
21549.0,Marco Estrada,0.0
21513.0,Jacob deGrom,2.0
21496.0,Alex Cobb,1.0
21338.0,Jake Peavy,0.0
21312.0,Clay Buchholz,0.0
21142.0,Bud Norris,0.0
21033.0,Jorge De La Rosa,1.0
20987.0,Alex Wood,1.0
20845.0,Hiroki Kuroda,0.0
20806.0,Ivan Nova,1.0
20745.0,Jeremy Hellickson,0.0
20565.0,Luis Castillo,0.0
60.0,Luis Castillo,0.0
20434.0,Phil Hughes,0.0
20303.0,Clayton Richard,0.0
20263.0,Scott Kazmir,0.0
20067.0,Chris Tillman,0.0
20034.0,Justin Masterson,0.0
19863.0,Jon Gray,0.0
19861.0,Blake Snell,0.0
19809.0,Danny Duffy,1.0
19775.0,Drew Smyly,1.0
19714.0,Joe Saunders,0.0
19711.0,Matt Moore,1.0
19646.0,Andrew Cashner,0.0
19589.0,Eduardo Rodriguez,0.0
19507.0,Ryan Dempster,1.0
19243.0,Tanner Roark,0.0
19068.0,Jonathon Niese,0.0
19010.0,Rich Hill,1.0
18944.0,Joe Blanton,0.0
18859.0,Mike Fiers,0.0
18853.0,Jesse Chavez,0.0
18834.0,Taijuan Walker,1.0
18817.0,Tim Hudson,1.0
18668.0,Sean Manaea,0.0
18651.0,Chase Anderson,0.0
18438.0,Kyle Kendrick,0.0
18412.0,Mat Latos,0.0
18370.0,Kevin Correia,0.0
18350.0,Carlos Rodon,1.0
18274.0,Wandy Rodriguez,0.0
18259.0,Paul Maholm,0.0
18038.0,Roy Halladay,0.0
18024.0,Brett Anderson,1.0
17955.0,Chris Bassitt,1.0
17853.0,Jaime Garcia,1.0
17791.0,Tyler Anderson,0.0
17588.0,Zach Davies,0.0
17581.0,Wade Davis,0.0
17532.0,Randy Wolf,2.0
17527.0,Nick Pivetta,0.0
17466.0,Roberto Hernandez,0.0
17411.0,Hyun Jin Ryu,0.0
17362.0,Kyle Freeland,0.0
17351.0,Wei-Yin Chen,1.0
17314.0,Jameson Taillon,2.0
17240.0,Lucas Giolito,1.0
17167.0,Hector Santiago,0.0
17074.0,Miles Mikolas,0.0
17000.0,Gavin Floyd,1.0
16911.0,Andrew Heaney,1.0
16879.0,Josh Beckett,0.0
16829.0,Masahiro Tanaka,0.0
16784.0,Collin McHugh,0.0
16760.0,Travis Wood,0.0
16755.0,Colby Lewis,1.0
16636.0,Joe Musgrove,0.0
16564.0,Josh Tomlin,1.0
16523.0,Kenta Maeda,1.0
16371.0,Barry Zito,0.0
16346.0,Chad Billingsley,1.0
16190.0,James Paxton,1.0
16117.0,Michael Pineda,1.0
16071.0,Matt Harvey,1.0
16065.0,Garrett Richards,1.0
16045.0,German Marquez,1.0
16023.0,Steven Matz,1.0
15769.0,Derek Lowe,0.0
15730.0,Tommy Milone,0.0
15602.0,Carlos Martinez,1.0
61.0,Carlos Martinez,1.0
15600.0,Jose Urena,0.0
15488.0,Luis Severino,1.0
15454.0,David Robertson,1.0
15298.0,Noah Syndergaard,1.0
15281.0,Drew Pomeranz,0.0
15245.0,Joe Kelly,0.0
15244.0,Zach Duke,1.0
15242.0,Zach Eflin,0.0
15201.0,Trevor Williams,0.0
15163.0,Wily Peralta,1.0
15143.0,Dylan Bundy,1.0
15124.0,Ryan Vogelsong,1.0
15092.0,Matthew Boyd,1.0
15019.0,Tyson Ross,0.0
14985.0,Wade LeBlanc,0.0
14956.0,Anthony DeSclafani,0.0
14916.0,Brandon McCarthy,1.0
14886.0,Tyler Chatwood,2.0
14863.0,Marco Gonzales,1.0
14814.0,Luke Hochevar,1.0
14794.0,Kenley Jansen,0.0
14722.0,Shelby Miller,1.0
14635.0,Dylan Cease,1.0
14481.0,Max Fried,1.0
14463.0,Miguel Gonzalez,1.0
14457.0,Framber Valdez,0.0
14375.0,Corbin Burnes,0.0
14366.0,Tyler Clippard,0.0
14275.0,Craig Kimbrel,0.0
14235.0,Jordan Montgomery,1.0
14222.0,Jack Flaherty,0.0
14176.0,Daniel Hudson,2.0
14150.0,Mike Foltynewicz,0.0
14145.0,Tommy Hunter,0.0
14041.0,Pablo Lopez,1.0
13997.0,Aroldis Chapman,0.0
13982.0,Craig Stammen,0.0
13961.0,Michael Lorenzen,0.0
13758.0,Jason Marquis,1.0
13740.0,Mike Clevinger,1.0
13734.0,Sandy Alcantara,1.0
13676.0,Ross Stripling,1.0
13634.0,Dan Straily,0.0
13569.0,Carlos Villanueva,0.0
13518.0,Andrew Miller,1.0
13495.0,Brandon Morrow,0.0
13464.0,Andy Pettitte,0.0
13457.0,Zac Gallen,0.0
13428.0,Reynaldo Lopez,0.0
13415.0,Dillon Gee,0.0
13385.0,Vince Velasquez,0.0
13300.0,Yusei Kikuchi,0.0
13239.0,Josh Johnson,2.0
13236.0,Bryan Shaw,0.0
13234.0,Shane Bieber,1.0
13217.0,Lance McCullers Jr.,1.0
13212.0,Roy Oswalt,0.0
13191.0,John Lannan,0.0
13117.0,Logan Webb,1.0
13110.0,Seth Lugo,0.0
13087.0,Erasmo Ramirez,0.0
13033.0,Brad Hand,0.0
13023.0,Fernando Rodney,1.0
13011.0,Carlos Zambrano,0.0
12979.0,Freddy Peralta,0.0
12959.0,Ted Lilly,0.0
12938.0,Adam Ottavino,1.0
12880.0,Hisashi Iwakuma,0.0
12849.0,Ricky Romero,0.0
12824.0,Livan Hernandez,0.0
12817.0,Merrill Kelly,0.0
12781.0,Juan Nicasio,0.0
12771.0,Chris Young,0.0
12753.0,Tom Koehler,0.0
12657.0,Jonathan Sanchez,0.0
12643.0,Alfredo Simon,1.0
12624.0,Kevin Millwood,0.0
12602.0,Shaun Marcum,1.0
12586.0,Brett Myers,0.0
12520.0,Chris Volstad,0.0
12515.0,Nick Blackburn,0.0
12485.0,Javier Vazquez,0.0
12443.0,Ross Detwiler,0.0
12435.0,Yusmeiro Petit,0.0
12412.0,Brian Duensing,1.0
12388.0,Nick Martinez,0.0
12368.0,Scott Baker,1.0
12342.0,Walker Buehler,2.0
12286.0,Julio Urias,0.0
12160.0,Jakob Junis,0.0
12159.0,Bruce Chen,1.0
12141.0,Steve Cishek,0.0
12136.0,Ryan Yarbrough,0.0
12096.0,Brett Cecil,0.0
12046.0,Brad Keller,0.0
11985.0,Frankie Montas,0.0
11922.0,Joakim Soria,2.0
11848.0,David Phelps,1.0
11832.0,Cal Quantrill,1.0
11824.0,Sergio Romo,0.0
11718.0,Oliver Perez,0.0
11665.0,Tommy Hanson,0.0
11633.0,Jair Jurrjens,0.0
11612.0,Jon Garland,0.0
11565.0,Chris Capuano,2.0
11542.0,Tyler Glasnow,1.0
11468.0,Brandon Woodruff,0.0
11467.0,Chad Kuhl,1.0
11461.0,Jake Westbrook,1.0
11458.0,Aaron Sanchez,0.0
11450.0,Tyler Mahle,1.0
11449.0,Mitch Keller,0.0
11411.0,Luke Weaver,0.0
11383.0,Jake Diekman,0.0
11368.0,Joe Smith,0.0
11300.0,Mark Melancon,1.0
11296.0,Carl Pavano,1.0
11267.0,Matt Harrison,0.0
11265.0,Erik Bedard,1.0
11242.0,Josh Collmenter,0.0
11238.0,Antonio Senzatela,1.0
11204.0,Chris Carpenter,1.0
331.0,Chris Carpenter,1.0
11192.0,David Hernandez,1.0
11163.0,Liam Hendriks,1.0
11150.0,Jim Johnson,0.0
11117.0,Johan Santana,0.0
10984.0,Jeff Locke,0.0
10946.0,Brady Singer,0.0
10812.0,Jeff Francis,0.0
10808.0,Michael Fulmer,1.0
10802.0,Will Smith,1.0
10760.0,Vance Worley,0.0
10740.0,Erick Fedde,1.0
10723.0,Logan Gilbert,0.0
10711.0,Jimmy Nelson,1.0
10698.0,Ryan Pressly,0.0
10670.0,Anthony Swarzak,0.0
10644.0,Kendall Graveman,1.0
10609.0,Matt Albers,0.0
10567.0,Matt Shoemaker,0.0
10543.0,Daisuke Matsuzaka,1.0
10525.0,Chris Flexen,1.0
10500.0,Brad Ziegler,0.0
10496.0,Manny Parra,1.0
10477.0,Raisel Iglesias,0.0
10420.0,Chris Stratton,0.0
10417.0,Zack Britton,0.0
10355.0,Aaron Cook,0.0
10330.0,Eric Lauer,0.0
10329.0,Tom Gorzelanny,0.0
10293.0,Zach McAllister,0.0
10262.0,Adrian Houser,1.0
10177.0,Danny Salazar,1.0
10157.0,Austin Gomber,0.0
10116.0,Daniel Norris,0.0
10054.0,Brad Peacock,0.0
10038.0,Eric Stults,0.0
10029.0,Tony Watson,0.0
10000.0,Hector Neris,0.0
9989.0,Darren O'Day,0.0
9961.0,Matt Belisle,0.0
9960.0,Aaron Civale,0.0
9918.0,Francisco Rodriguez,0.0
1005.0,Francisco Rodriguez,0.0
9906.0,Chad Bettis,0.0
9882.0,John Axford,2.0
9875.0,Trevor Richards,0.0
9867.0,Santiago Casilla,0.0
9858.0,Brad Brach,0.0
9799.0,Drew Hutchison,1.0
9746.0,Joel Pineiro,0.0
9733.0,Jake McGee,1.0
9722.0,Ranger Suarez,0.0
9677.0,Yordano Ventura,0.0
9649.0,Ross Ohlendorf,0.0
9488.0,Kevin Slowey,0.0
9474.0,Cristian Javier,1.0
9474.0,Jeurys Familia,0.0
9464.0,Dane Dunning,1.0
9457.0,Zack Godley,0.0
9451.0,Jerome Williams,0.0
9451.0,Nestor Cortes,0.0
9425.0,Tim Wakefield,0.0
9403.0,Kris Medlen,2.0
9396.0,Randall Delgado,0.0
9370.0,Luke Gregerson,0.0
9343.0,Brad Penny,0.0
9343.0,Joba Chamberlain,1.0
9284.0,Brian Matusz,0.0
9276.0,Patrick Sandoval,0.0
9208.0,Greg Holland,1.0
9185.0,Jonathan Papelbon,0.0
9172.0,Dakota Hudson,1.0
9086.0,Jeanmar Gomez,0.0
9043.0,Felix Doubront,1.0
9038.0,Glen Perkins,0.0
9013.0,Mike Montgomery,0.0
9003.0,Justin Wilson,1.0
8964.0,Joaquin Benoit,0.0
8957.0,Cole Irvin,1.0
8935.0,Craig Breslow,0.0
8901.0,Freddy Garcia,0.0
8879.0,Jorge Lopez,0.0
8867.0,Buck Farmer,0.0
8821.0,Jesus Luzardo,1.0
8787.0,Alexi Ogando,0.0
8786.0,Tony Sipp,1.0
8758.0,Tarik Skubal,1.0
8750.0,James McDonald,0.0
8736.0,Ryan Madson,1.0
8729.0,Kelvin Herrera,0.0
8727.0,Armando Galarraga,1.0
8706.0,Tyler Skaggs,1.0
8706.0,Luis Garcia,1.0
6046.0,Luis Garcia,1.0
8703.0,Jamie Moyer,1.0
8687.0,Blake Treinen,0.0
8684.0,Jonathan Broxton,0.0
8684.0,Matt Barnes,0.0
8677.0,Domingo German,1.0
8666.0,Archie Bradley,0.0
8641.0,Jeff Niemann,0.0
8622.0,Alex Colome,0.0
8608.0,Adam Warren,1.0
8558.0,Pedro Strop,0.0
8557.0,Junior Guerra,0.0
8549.0,Rafael Montero,1.0
8542.0,Brad Boxberger,0.0
8504.0,Matt Andriese,0.0
8499.0,Henderson Alvarez III,0.0
8494.0,Fernando Salas,0.0
8483.0,Kyle Davies,0.0
8409.0,Brent Suter,1.0
8409.0,Aaron Loup,0.0
8406.0,Randy Wells,0.0
8393.0,Cody Allen,1.0
8319.0,Matt Wisler,0.0
8300.0,Carlos Torres,0.0
8299.0,Jerry Blevins,0.0
8294.0,Joe Ross,2.0
8285.0,Rich Harden,0.0
8274.0,Griffin Canning,0.0
8265.0,Dave Bush,0.0
8262.0,Carlos Marmol,0.0
8252.0,Jared Hughes,0.0
8238.0,Andrew Chafin,1.0
8229.0,Anthony Bass,0.0
8217.0,Ty Blach,1.0
8200.0,Tim Stauffer,0.0
8178.0,Tyler Duffey,0.0
8158.0,Jamey Wright,0.0
8151.0,Grant Balfour,1.0
8138.0,Lucas Harrell,0.0
8105.0,T.J. McFarland,0.0
8103.0,A.J. Griffin,1.0
8076.0,Jeff Hoffman,1.0
8071.0,Jason Grilli,1.0
8068.0,Dean Kremer,0.0
8059.0,Vicente Padilla,0.0
8033.0,Sean Newcomb,0.0
8026.0,Chad Gaudin,0.0
8014.0,Jeff Karstens,0.0
8011.0,Esmil Rogers,0.0
7990.0,Trevor May,1.0
7974.0,Burke Badenhop,0.0
7963.0,Caleb Smith,0.0
7922.0,Mike Dunn,0.0
7911.0,J.P. Howell,0.0
7895.0,Franklin Morales,0.0
7892.0,Chad Green,1.0
7890.0,Chad Qualls,0.0
7885.0,Mychal Givens,0.0
7880.0,Josh Hader,0.0
7878.0,Shane Greene,1.0
7858.0,Miguel Castro,0.0
7846.0,Edward Mujica,0.0
7835.0,Taylor Rogers,0.0
7833.0,Brian Bannister,0.0
7750.0,Shawn Kelley,2.0
7748.0,Jeff Suppan,0.0
7700.0,Daniel Bard,0.0
7683.0,Shohei Ohtani,1.0
7645.0,Huston Street,0.0
7639.0,George Kirby,0.0
7618.0,Joe Ryan,0.0
7615.0,Zach Plesac,1.0
7605.0,Addison Reed,0.0
7601.0,Doug Davis,0.0
7601.0,Justin Steele,1.0
7592.0,Matt Thornton,1.0
7570.0,Jaime Barria,0.0
7532.0,Joel Peralta,0.0
7519.0,Heath Bell,0.0
7516.0,Koji Uehara,0.0
7497.0,Brandon Kintzler,0.0
7455.0,Hector Rondon,1.0
7447.0,Matt Strahm,1.0
7437.0,Sean Doolittle,0.0
7427.0,Hunter Strickland,1.0
7413.0,Jerad Eickhoff,0.0
7397.0,Marc Rzepczynski,0.0
7388.0,Hansel Robles,0.0
7387.0,Chris Rusin,0.0
7370.0,Edwin Diaz,0.0
7365.0,Luis Perdomo,1.0
1429.0,Luis Perdomo,1.0
7347.0,David Peterson,0.0
7328.0,Jose Fernandez,1.0
7313.0,Aaron Laffey,0.0
7306.0,Jeremy Affeldt,0.0
7294.0,Trevor Rogers,0.0
7279.0,Jose Urquidy,2.0
7234.0,Kevin Jepsen,0.0
7230.0,Adam Conley,0.0
7227.0,Chris Narveson,1.0
7208.0,Jose Veras,0.0
7203.0,Jason Frasor,2.0
7190.0,Kevin Gregg,0.0
7187.0,Trevor Rosenthal,2.0
7181.0,Paul Blackburn,0.0
7176.0,Jeremy Jeffress,0.0
7149.0,Triston McKenzie,0.0
7148.0,Dominic Leone,0.0
7146.0,Carlos Estevez,0.0
7136.0,Will Harris,1.0
7131.0,Kirby Yates,2.0
7129.0,Emilio Pagan,0.0
7126.0,Ryne Stanek,0.0
7112.0,Chris Paddack,2.0
7101.0,Phil Maton,0.0
7098.0,Antonio Bastardo,0.0
7082.0,Phil Coke,0.0
7018.0,Hector Noesi,1.0
7006.0,Neftali Feliz,1.0
6997.0,Bailey Ober,1.0
6989.0,Rubby De La Rosa,2.0
6980.0,Colin Rea,1.0
6956.0,Alek Manoah,1.0
6951.0,Gil Meche,0.0
6932.0,Michael Kopech,1.0
6892.0,Drew Storen,1.0
6879.0,Luis Cessa,0.0
6875.0,Dellin Betances,0.0
6856.0,Felipe Paulino,1.0
6855.0,Blaine Boyer,0.0
6847.0,Tyler Alexander,0.0
6837.0,Tanner Houck,0.0
6829.0,Jose Alvarez,2.0
6825.0,Jason Motte,1.0
6798.0,Josiah Gray,1.0
6764.0,Dustin McGowan,1.0
6742.0,Hunter Greene,1.0
6738.0,Andy Sonnanstine,0.0
6735.0,Yimi Garcia,1.0
6729.0,David Huff,0.0
6721.0,Jarred Cosart,0.0
6683.0,Joe Jimenez,0.0
6681.0,Chad Durbin,0.0
6679.0,Chris Devenski,1.0
6653.0,Scott Barlow,1.0
6650.0,Brandon League,0.0
6644.0,Bryse Wilson,0.0
6633.0,Miguel Batista,0.0
6618.0,Junichi Tazawa,1.0
6616.0,Paul Sewald,0.0
6614.0,John Means,2.0
6583.0,Vin Mazzaro,0.0
6581.0,Tommy Kahnle,1.0
6569.0,Rafael Soriano,1.0
6567.0,Justin Grimm,0.0
6566.0,Pedro Baez,0.0
6546.0,Brad Bergesen,0.0
6544.0,Shane McClanahan,2.0
6541.0,Boone Logan,0.0
6523.0,Dylan Floro,0.0
6523.0,Michael King,0.0
6506.0,Braden Looper,0.0
6484.0,Chris Perez,0.0
6453.0,Jose Leclerc,1.0
6452.0,Heath Hembree,0.0
6440.0,JP Sears,0.0
6431.0,Roenis Elias,1.0
6430.0,John Gant,0.0
6424.0,Zack Littell,0.0
6421.0,Brian Wilson,2.0
6419.0,Jose Valverde,0.0
6415.0,Ian Snell,0.0
6415.0,Sean Marshall,0.0
6415.0,AJ Ramos,0.0
6408.0,Dana Eveland,0.0
6406.0,Nick Vincent,0.0
6397.0,Joe Nathan,2.0
6388.0,Brandon Maurer,0.0
6386.0,Dallas Braden,0.0
6385.0,Mark Lowe,0.0
6384.0,Tony Gonsolin,1.0
6376.0,Chasen Shreve,0.0
6362.0,Wandy Peralta,0.0
6360.0,Reid Detmers,0.0
6357.0,MacKenzie Gore,0.0
6353.0,Steven Brault,0.0
6338.0,Jose Suarez,0.0
6334.0,Joey Lucchesi,1.0
6315.0,Tanner Scott,0.0
6312.0,Dinelson Lamet,1.0
6261.0,LaTroy Hawkins,0.0
6259.0,Tom Wilhelmsen,0.0
6250.0,A.J. Minter,1.0
6238.0,Jose Alvarado,0.0
6201.0,Todd Wellemeyer,0.0
6195.0,Luke Jackson,1.0
6164.0,Rafael Betancourt,1.0
6161.0,Jarrod Parker,2.0
6160.0,Odrisamer Despaigne,0.0
6153.0,Spencer Turnbull,1.0
6147.0,Pat Neshek,1.0
6114.0,Kyle McClellan,1.0
6104.0,Dan Otero,1.0
6098.0,Ryan Webb,1.0
6097.0,Vidal Nuno,0.0
6090.0,Alfredo Aceves,0.0
6085.0,Austin Voth,0.0
6080.0,Robert Stephenson,1.0
6079.0,Jordan Hicks,1.0
6073.0,Adam Morgan,0.0
6072.0,Luis Avilan,1.0
6061.0,Jacob Turner,0.0
6059.0,Darren Oliver,1.0
6056.0,Joel Hanrahan,2.0
6031.0,Fernando Abad,0.0
6029.0,Robert Gsellman,0.0
5999.0,Tony Cingrani,0.0
5980.0,Kris Bubic,1.0
5963.0,Ryan Tepera,0.0
5950.0,Brayan Bello,0.0
5949.0,Philip Humber,1.0
5938.0,Dan Jennings,0.0
5925.0,Trent Thornton,0.0
5915.0,Shawn Armstrong,0.0
5907.0,Kutter Crawford,1.0
5896.0,Javier Lopez,0.0
5895.0,Blake Parker,0.0
5884.0,John Brebbia,1.0
5877.0,Bobby Parnell,1.0
5861.0,Casey Janssen,0.0
5849.0,Matt Guerrier,0.0
5837.0,Ramon E Ramirez,0.0
5835.0,Spencer Strider,1.0
5833.0,Ken Giles,1.0
5812.0,Jalen Beeks,1.0
5809.0,Sam Dyson,1.0
5787.0,Brandon Workman,1.0
5785.0,Brian Moehler,1.0
5772.0,Ben Sheets,1.0
5734.0,Rex Brothers,0.0
5731.0,Amir Garrett,0.0
5726.0,Matt Lindstrom,0.0
5725.0,Jose Contreras,1.0
5724.0,Micah Owings,0.0
5712.0,Jesse Crain,0.0
5703.0,Hunter Brown,0.0
5700.0,Derek Law,1.0
5678.0,Joe Biagini,1.0
5660.0,Corey Knebel,1.0
5653.0,Scott Downs,1.0
5635.0,Clay Holmes,1.0
5628.0,Eric O'Flaherty,1.0
5626.0,Aaron Bummer,1.0
5620.0,Gregory Soto,0.0
5605.0,Octavio Dotel,1.0
5603.0,Steven Wright,1.0
5597.0,Jacob Barnes,0.0
5592.0,Luis Mendoza,0.0
5592.0,Nick Masset,0.0
5580.0,Tylor Megill,0.0
5579.0,Giovanny Gallegos,1.0
5571.0,James Russell,0.0
5566.0,Robbie Ross Jr.,0.0
5544.0,Nick Wittgren,0.0
5524.0,Chris Martin,0.0
5521.0,Ben Lively,0.0
5503.0,Cesar Ramos,0.0
5501.0,George Kontos,1.0
5500.0,Ronald Belisario,1.0
5500.0,Francisco Cordero,0.0
5490.0,Johan Oviedo,1.0
5480.0,Ernesto Frieri,0.0
5478.0,Mitchell Boggs,0.0
5469.0,Scott Olsen,0.0
5467.0,Shawn Camp,0.0
5463.0,Mike Adams,0.0
5449.0,Alex Claudio,0.0
5447.0,Yonny Chirinos,1.0
5446.0,Sean O'Sullivan,0.0
5422.0,Graham Ashcraft,0.0
5416.0,James Kaprielian,1.0
5411.0,Nate Karns,0.0
5410.0,Ryan Rowland-Smith,0.0
5390.0,Kyle Bradish,1.0
5387.0,Robbie Erlin,1.0
5386.0,Scott Diamond,0.0
5383.0,Felipe Vazquez,0.0
5383.0,Ian Anderson,1.0
5380.0,Jon Rauch,0.0
5363.0,Lucas Sims,0.0
5363.0,Jarrod Washburn,0.0
5356.0,Sam LeCure,0.0
5349.0,Mark Hendrickson,0.0
5328.0,Nate Jones,1.0
5311.0,Caleb Thielbar,0.0
5308.0,Jeffrey Springs,1.0
5300.0,Braxton Garrett,1.0
5288.0,Samuel Deduno,1.0
5285.0,Mariano Rivera,0.0
5266.0,Brandon Lyon,0.0
5243.0,Kyle Barraclough,0.0
5241.0,J.J. Hoover,0.0
5234.0,Rodrigo Lopez,1.0
5233.0,Nate Robertson,1.0
5228.0,Cam Bedrosian,0.0
5227.0,Roberto Osuna,1.0
5225.0,Brett Oberholtzer,0.0
5222.0,Wesley Wright,0.0
5216.0,Brian Tallet,1.0
5208.0,Sean Burnett,2.0
5198.0,Javy Guerra,1.0
1127.0,Javy Guerra,1.0
5181.0,Dylan Covey,0.0
5178.0,Jared Burton,0.0
5172.0,Elieser Hernandez,0.0
5152.0,Tim Hill,0.0
5143.0,Touki Toussaint,0.0
5132.0,Daniel Mengden,0.0
5129.0,Alex Wilson,1.0
5129.0,JT Brubaker,1.0
5129.0,Kyle Farnsworth,0.0
5123.0,Tim Redding,0.0
5119.0,Jesse Hahn,1.0
5118.0,Michael Soroka,0.0
5095.0,Michael Tonkin,0.0
5085.0,Carl Edwards Jr.,0.0
5072.0,Tyler Thornburg,1.0
5060.0,Tyler Rogers,0.0
5050.0,Keegan Akin,0.0
5025.0,Peter Moylan,2.0
5022.0,Jarlin Garcia,0.0
5021.0,Cole Ragans,2.0
5010.0,Jeremy Bonderman,1.0
5001.0,Ryne Nelson,0.0
4992.0,Mark Leiter Jr.,1.0
4983.0,Tyler Matzek,1.0
4971.0,Clarke Schmidt,1.0
4964.0,Blake Wood,2.0
4962.0,Mike Wright Jr.,0.0
4957.0,Jesse Litsch,1.0
4943.0,Noe Ramirez,0.0
4914.0,Chi Chi Gonzalez,1.0
4910.0,Daniel Lynch IV,0.0
4907.0,Christian Friedrich,0.0
4901.0,Michael Gonzalez,1.0
4896.0,Taylor Clarke,1.0
4889.0,Adam Cimber,0.0
4884.0,Edward Cabrera,0.0
4880.0,Bailey Falter,0.0
4868.0,Jo-Jo Reyes,1.0
4867.0,Tim Mayza,1.0
4864.0,Chien-Ming Wang,0.0
4852.0,Jose Cisnero,1.0
4847.0,John Maine,0.0
4835.0,Guillermo Mota,0.0
4832.0,Cory Gearrin,1.0
4831.0,Austin Pruitt,0.0
4811.0,Kyle Wright,0.0
4808.0,Tanner Bibee,0.0
4795.0,Cristopher Sanchez,0.0
4779.0,Jake Irvin,1.0
4766.0,Carlos Silva,0.0
4753.0,Lou Trivino,1.0
4752.0,Louis Coleman,0.0
4750.0,Tyler Wells,1.0
4740.0,Drew Rasmussen,2.0
4738.0,Aaron Heilman,0.0
4736.0,Blaine Hardy,1.0
4728.0,Adrian Sampson,1.0
4725.0,Ryan Feltner,0.0
4716.0,Frank Francisco,1.0
4715.0,Chris Hatcher,0.0
4704.0,Sam Gaviglio,0.0
4702.0,Diego Castillo,0.0
4688.0,J.J. Putz,0.0
4686.0,Drew VerHagen,1.0
4683.0,Kyle Finnegan,0.0
4679.0,Josh Outman,1.0
4664.0,Michael Feliz,0.0
4658.0,Sal Romano,0.0
4645.0,Casey Fien,0.0
4642.0,Bryan Abreu,0.0
4642.0,Bryce Elder,0.0
4635.0,Brandon Beachy,2.0
4635.0,Luis Ayala,1.0
4618.0,Richard Bleier,0.0
4616.0,Josh Fields,0.0
4615.0,Danny Farquhar,0.0
4610.0,JC Ramirez,1.0
4601.0,Adam Plutko,0.0
4597.0,Jose Ruiz,0.0
4590.0,Griffin Jax,0.0
4582.0,Ryan Brasier,1.0
4581.0,Jose Mijares,0.0
4579.0,Mike Mayers,0.0
4574.0,Genesis Cabrera,0.0
4574.0,Javier Assad,0.0
4567.0,Logan Ondrusek,0.0
4554.0,Wilton Lopez,0.0
4545.0,Pierce Johnson,0.0
4545.0,Andre Pallante,0.0
4542.0,Casey Mize,1.0
4524.0,Brian Fuentes,0.0
4518.0,Andrew Bailey,1.0
4518.0,Scott Alexander,0.0
4502.0,David Hale,0.0
4501.0,Alex Young,0.0
4497.0,Brandon Finnegan,0.0
4491.0,Blake Beavan,0.0
4487.0,Caleb Ferguson,2.0
4476.0,Kolby Allard,0.0
4463.0,Bryce Miller,0.0
4460.0,Jonny Venters,3.0
4459.0,Juan Carlos Oviedo,0.0
4454.0,Eddie Butler,0.0
4436.0,Tim Collins,2.0
4431.0,Kevin Siegrist,0.0
4420.0,Danny Coulombe,0.0
4415.0,Paolo Espino,0.0
4412.0,Hoby Milner,0.0
4409.0,Randy Johnson,0.0
4396.0,Al Alburquerque,1.0
4384.0,Tyler Lyons,0.0
4375.0,Emmanuel Clase,0.0
4365.0,Tyler Kinley,0.0
4365.0,Garrett Olson,0.0
4358.0,Carlos Hernandez,0.0
4350.0,David Aardsma,1.0
4344.0,Brandon Pfaadt,0.0
4330.0,Charlie Furbush,1.0
4311.0,Scott Oberg,1.0
4305.0,Juan Gutierrez,1.0
4289.0,Nick Lodolo,0.0
4275.0,Scott Atchison,0.0
4266.0,Chan Ho Park,0.0
4257.0,Seranthony Dominguez,1.0
4254.0,Jason Adam,0.0
4242.0,Ramon Pena,0.0
4242.0,Felix Pena,0.0
4230.0,Andrew Abbott,0.0
4229.0,Joe Thatcher,0.0
4217.0,Taylor Hearn,0.0
4211.0,Zach Miner,1.0
4209.0,D.J. Carrasco,0.0
4198.0,Dale Thayer,0.0
4194.0,Peter Lambert,1.0
4189.0,Erik Swanson,0.0
4188.0,Jason Berken,1.0
4167.0,Josh Fleming,0.0
4165.0,Burch Smith,1.0
4165.0,Joe Beimel,1.0
4164.0,Nelson Figueroa,0.0
4157.0,Eli Morgan,0.0
4154.0,Alec Mills,1.0
4146.0,Andrew Kittredge,1.0
4138.0,Dustin Moseley,0.0
4136.0,Ryan Helsley,0.0
4124.0,Ryan Buchter,0.0
4116.0,Matt Capps,0.0
4114.0,Enyel De Los Santos,0.0
4102.0,Brad Lidge,0.0
4101.0,Trevor Gott,1.0
4087.0,Sam Freeman,2.0
4087.0,Kerry Wood,1.0
4083.0,Manny Corpas,0.0
4078.0,Dylan Axelrod,0.0
4062.0,Evan Phillips,0.0
4060.0,Kevin Ginkel,0.0
4055.0,Hisanori Takahashi,0.0
4053.0,Jeremy Sowers,0.0
4053.0,David Bednar,0.0
4052.0,Brooks Raley,1.0
4051.0,Adbert Alzolay,1.0
4045.0,Nick Tropeano,1.0
4044.0,Kameron Loe,0.0
4042.0,Grayson Rodriguez,0.0
4031.0,Matt Manning,0.0
4029.0,Rafael Perez,0.0
4026.0,Fernando Rodriguez Jr.,0.0
4012.0,Todd Coffey,2.0
4006.0,Steven Okert,0.0
3999.0,Carson Fulmer,0.0
3993.0,Devin Williams,1.0
3992.0,Neal Cotts,1.0
3987.0,Jake Petricka,0.0
3981.0,Daniel Cabrera,0.0
3969.0,Ryan Weathers,0.0
3956.0,Keone Kela,1.0
3953.0,Mitch Talbot,0.0
3939.0,Jordan Walden,0.0
3933.0,Lucas Luetge,1.0
3932.0,Nick Tepesch,0.0
3931.0,Garrett Whitlock,1.0
3930.0,Seunghwan Oh,0.0
3929.0,Kenshin Kawakami,0.0
3925.0,Randy Choate,0.0
3924.0,Wil Crowe,1.0
3904.0,Tim Byrdak,0.0
3896.0,Jharel Cotton,1.0
3896.0,Brian Burres,0.0
3890.0,Jonathan Loaisiga,1.0
3855.0,Guillermo Moscoso,0.0
3850.0,Mike Bolsinger,0.0
3849.0,Joel Payamps,0.0
3848.0,Jose Arredondo,1.0
3823.0,Albert Suarez,1.0
3819.0,Dereck Rodriguez,0.0
3804.0,John Grabow,0.0
3799.0,Logan Allen,0.0
2144.0,Logan Allen,0.0
3799.0,Josh Roenicke,0.0
3799.0,Greg Smith,0.0
3798.0,Ryan Cook,1.0
3795.0,Clay Hensley,0.0
3794.0,Ryan Franklin,0.0
3790.0,Jeff Manship,1.0
3781.0,Seth Maness,0.0
3775.0,Scott Linebrink,0.0
3762.0,Lance Cormier,0.0
3761.0,David Purcey,0.0
3755.0,Ian Krol,0.0
3751.0,Yency Almonte,0.0
3751.0,Richard Rodriguez,0.0
3742.0,Jordan Romano,1.0
3733.0,Dan Wheeler,0.0
3726.0,Aaron Crow,1.0
3723.0,Andrew Suarez,0.0
3721.0,Manny Acosta,0.0
3714.0,Alex Vesia,0.0
3704.0,Ramon Troncoso,0.0
3703.0,Shawn Tolleson,2.0
3700.0,Roansy Contreras,0.0
3698.0,Keegan Thompson,1.0
3690.0,Kevin Quackenbush,0.0
3688.0,Pete Fairbanks,0.0
3674.0,Jake Faria,0.0
3668.0,Camilo Doval,0.0
3666.0,Chaz Roe,0.0
3666.0,David Hess,0.0
3662.0,Ariel Miranda,0.0
3662.0,Josh Lindblom,0.0
3660.0,David Carpenter,0.0
761.0,David Carpenter,0.0
3660.0,Juan Cruz,0.0
3658.0,Jake Woodford,0.0
3652.0,Dustin Nippert,1.0
3652.0,Taj Bradley,0.0
3648.0,Jeremy Hefner,2.0
3644.0,A.J. Cole,0.0
3641.0,Asher Wojciechowski,0.0
3636.0,Oliver Drake,0.0
3633.0,Dontrelle Willis,0.0
3615.0,Takashi Saito,0.0
3611.0,Josh Osich,1.0
3595.0,Bryan Morris,1.0
3573.0,Sean Gallagher,0.0
3569.0,Josh Winckowski,0.0
3566.0,JT Chargois,0.0
3559.0,Tyler Beede,1.0
3558.0,Kyle Ryan,0.0
3558.0,Brad Lincoln,1.0
3549.0,Vinnie Pestano,1.0
3527.0,Matt Bush,2.0
3526.0,Garrett Crochet,1.0
3523.0,George Sherrill,1.0
3520.0,Chris Resop,0.0
3515.0,Dennis Santana,0.0
3513.0,Mike Morin,0.0
3507.0,Cionel Perez,0.0
3503.0,Sam Hentges,1.0
3502.0,Luis L. Ortiz,0.0
3494.0,Tanner Rainey,1.0
3494.0,Will Vest,1.0
3492.0,Joey Wentz,1.0
3482.0,Matt Bowman,1.0
3479.0,A.J. Puk,1.0
3470.0,Aaron Brooks,0.0
3454.0,Trevor Stephan,1.0
3454.0,Christian Bergman,0.0
3452.0,Ronel Blanco,0.0
3451.0,Ryan Borucki,1.0
3450.0,Steve Delabar,1.0
3445.0,Manny Delcarmen,1.0
3442.0,Brian Sanches,0.0
3441.0,Brandon Bielak,0.0
3434.0,Brandon Webb,0.0
3417.0,Arodys Vizcaino,1.0
3416.0,Reese Olson,0.0
3416.0,Kyle Crick,0.0
3410.0,Dillon Peters,1.0
3405.0,Josh Staumont,0.0
3396.0,Cory Luebke,2.0
3392.0,Drew Steckenrider,1.0
3387.0,Collin Balester,1.0
3360.0,Drew Smith,2.0
3354.0,Justin De Fratus,0.0
3345.0,Colin Poche,2.0
3334.0,Michael Wuertz,0.0
3331.0,Wander Suero,0.0
3329.0,Hung-Chih Kuo,2.0
3329.0,Hideki Okajima,0.0
3312.0,Evan Marshall,1.0
3311.0,Neil Ramirez,0.0
3309.0,Josh A. Smith,0.0
3309.0,Robinson Tejeda,0.0
3303.0,Evan Meek,0.0
3297.0,Kyle Drabek,2.0
3282.0,Dillon Tate,0.0
3274.0,Zach Thompson,0.0
3268.0,Keynan Middleton,1.0
3264.0,Will Ohman,1.0
3259.0,Justus Sheffield,0.0
3254.0,Phil Bickford,0.0
3249.0,Dustin May,2.0
3237.0,Justin Lawrence,0.0
3227.0,Andres Munoz,1.0
3226.0,Ryan Mattheus,1.0
3216.0,Nick Sandlin,0.0
3210.0,Juan Minaya,0.0
3208.0,Alex Lange,0.0
3195.0,Tim Adleman,0.0
3192.0,Paul Fry,0.0
3191.0,Brock Burke,0.0
3187.0,Mitch White,1.0
3179.0,Ryan Pepiot,0.0
3173.0,Alec Marsh,0.0
3172.0,Jacob Webb,1.0
3162.0,Ryan Thompson,1.0
3161.0,John Schreiber,0.0
3151.0,Sidney Ponson,0.0
3144.0,Cristhian Martinez,0.0
3143.0,Chris Heston,0.0
3141.0,Duane Underwood Jr.,0.0
3139.0,Ken Waldichuk,1.0
3135.0,Mike Mussina,0.0
3134.0,Paul Byrd,1.0
3134.0,James Karinchak,0.0
3133.0,Matt Palmer,0.0
3124.0,Jason Bergmann,0.0
3113.0,Jeff Fulchino,0.0
3110.0,Casey Coleman,0.0
3105.0,David Buchanan,0.0
3103.0,Jenrry Mejia,1.0
3100.0,Pedro Feliciano,0.0
3100.0,Mike Hampton,1.0
3100.0,Chase De Jong,0.0
3096.0,Justin Nicolino,0.0
3094.0,Xavier Cedeno,0.0
3092.0,Joe Mantiply,1.0
3090.0,Glenn Sparkman,1.0
3089.0,Alexis Diaz,1.0
3087.0,Brian Flynn,0.0
3071.0,Daniel McCutchen,0.0
3038.0,David Pauley,0.0
3029.0,Matt Waldron,0.0
3021.0,Brandon Backe,1.0
3017.0,Brian Johnson,0.0
3008.0,Ariel Jurado,1.0
3008.0,Anthony Varvaro,1.0
3008.0,Alex Faedo,1.0
3005.0,Chris Sampson,0.0
3003.0,Josh Sborz,0.0
3002.0,Kyle Muller,0.0
2997.0,Esmerling Vasquez,0.0
2985.0,Reyes Moronta,1.0
2982.0,Austin Adams,0.0
1263.0,Austin Adams,0.0
2980.0,Jason Foley,1.0
2973.0,Ryan Perry,0.0
2972.0,Hayden Wesneski,0.0
2972.0,Jonathan Holder,0.0
2970.0,Bryan Mitchell,0.0
2969.0,Seth McClung,1.0
2968.0,Tanner Scheppers,0.0
2966.0,Brian Bass,0.0
2965.0,Joely Rodriguez,0.0
2958.0,Yohan Ramirez,0.0
2956.0,Blake Hawksworth,0.0
2956.0,Sergio Santos,1.0
2951.0,Hunter Harvey,1.0
2946.0,Justin Miller,1.0
2049.0,Justin Miller,1.0
2937.0,Cory Wade,0.0
2933.0,Sean Green,0.0
2930.0,Arthur Rhodes,1.0
2922.0,Wilmer Font,1.0
2920.0,Bob Howry,0.0
2919.0,John King,1.0
2917.0,Jumbo Diaz,1.0
2912.0,Jensen Lewis,0.0
2912.0,Brett Martin,0.0
2911.0,Bobby Miller,0.0
2909.0,Matthew Liberatore,0.0
2903.0,Henry Alberto Rodriguez,0.0
2901.0,Andrew Triggs,1.0
2896.0,Tanner Banks,0.0
2893.0,Kevin McCarthy,0.0
2890.0,Austin Davis,0.0
2890.0,Alex Burnett,0.0
2887.0,Pedro Martinez,0.0
2882.0,Ryan Dull,0.0
2873.0,Scott Richmond,0.0
2873.0,Chris Jakubauskas,0.0
2872.0,Bobby Jenks,0.0
2870.0,Tommy Henry,0.0
2869.0,Matt Reynolds,1.0
21.0,Matt Reynolds,1.0
2869.0,Glenn Otto,0.0
2868.0,Nabil Crismatt,0.0
2868.0,Kodai Senga,0.0
2865.0,Todd Redmond,0.0
2865.0,Deolis Guerra,1.0
2863.0,Ryan Weber,0.0
2857.0,Jean Machi,0.0
2852.0,Beau Brieske,0.0
2847.0,Kenny Rogers,0.0
2834.0,Nick Anderson,0.0
2834.0,Anthony Banda,1.0
2826.0,Brusdar Graterol,1.0
2824.0,Austin Brice,0.0
2821.0,Jhoan Duran,0.0
2821.0,Luis Gil,1.0
2820.0,Daniel Ponce de Leon,0.0
2804.0,J.C. Romero,0.0
2801.0,Sam Long,0.0
2798.0,Clayton Mortensen,0.0
2793.0,Brandon Gomes,1.0
2790.0,Dan Winkler,0.0
2780.0,J.B. Wendelken,1.0
2780.0,Edgar Gonzalez,0.0
2780.0,Paul Clemens,0.0
2780.0,Adalberto Mejia,0.0
2761.0,Adam Eaton,1.0
21.0,Adam Eaton,1.0
2761.0,Aaron Ashby,0.0
2759.0,Scott Carroll,1.0
2759.0,Jordan Weems,0.0
2752.0,Hector Velazquez,0.0
2748.0,Justin Anderson,1.0
2744.0,Alex Torres,0.0
2735.0,Bryan Woo,0.0
2734.0,J.P. France,1.0
2734.0,Evan Scribner,0.0
2729.0,Williams Perez,0.0
2725.0,Mike Baumann,0.0
2721.0,Justin Germano,0.0
2713.0,Enny Romero,0.0
2704.0,Nick Goody,1.0
2703.0,Odalis Perez,1.0
2702.0,Alex White,1.0
2702.0,Matt Magill,1.0
2699.0,Gavin Stone,0.0
2692.0,Spenser Watkins,0.0
2688.0,Sam Moll,0.0
2686.0,Matt Grace,0.0
2684.0,Spencer Howard,0.0
2678.0,Gabriel Ynoa,0.0
2675.0,Chase Whitley,1.0
2667.0,Jake Bird,0.0
2666.0,Kyle Harrison,0.0
2665.0,Luis Medina,1.0
2655.0,Jonathan Hernandez,1.0
2647.0,Edubray Ramos,0.0
2645.0,Brock Stewart,1.0
2642.0,Mike MacDougal,0.0
2638.0,Nick Ramirez,0.0
2629.0,Greg Maddux,0.0
2613.0,Alex Reyes,1.0
2603.0,Devin Smeltzer,0.0
2602.0,Connor Brogdon,0.0
2599.0,Ron Mahay,0.0
2595.0,Vladimir Gutierrez,1.0
2590.0,Taylor Jungmann,0.0
2588.0,P.J. Walters,0.0
2584.0,Renyel Pinto,0.0
2582.0,Matt Koch,0.0
2577.0,Rowan Wick,0.0
2564.0,Andre Rienzo,1.0
2562.0,Jorge Campillo,1.0
2561.0,Luis Patino,1.0
2557.0,Bruce Zimmermann,0.0
2549.0,Jace Fry,2.0
2547.0,Gonzalez Germen,0.0
2547.0,Shaun Anderson,0.0
2546.0,Kip Wells,0.0
2537.0,Arquimedes Caminero,1.0
2530.0,Jason Isringhausen,3.0
2530.0,Carter Capps,1.0
2525.0,Bruce Rondon,1.0
2524.0,Chris Smith,1.0
79.0,Chris Smith,1.0
2522.0,Ian Gibaut,0.0
2509.0,Steven Wilson,1.0
2508.0,Cole Sulser,2.0
2497.0,Sean Reid-Foley,1.0
2493.0,Andres Machado,1.0
2490.0,Travis Blackley,0.0
2488.0,Justin Duchscherer,0.0
2483.0,Cody Anderson,1.0
2476.0,Tommy Layne,0.0
2473.0,Kwang Hyun Kim,1.0
2472.0,Zach Putnam,1.0
2472.0,Luke French,0.0
2471.0,Jorge Alcala,0.0
2467.0,Tyler Holton,1.0
2466.0,Danys Baez,1.0
2459.0,Jeff Bennett,1.0
2459.0,Pat Misch,1.0
2452.0,Gavin Williams,0.0
2447.0,Brad Thompson,0.0
2447.0,Raul Valdes,0.0
2446.0,Brett Tomko,0.0
2445.0,Troy Patton,0.0
2438.0,Jimmy Herget,0.0
2436.0,Albert Abreu,0.0
2431.0,Jim Henderson,0.0
2431.0,Jose Soriano,2.0
2429.0,Tony Barnette,0.0
2426.0,Yoervis Medina,0.0
2424.0,Logan Verrett,0.0
2418.0,Garrett Mock,0.0
2412.0,Huascar Brazoban,0.0
2406.0,Cody Reed,0.0
2405.0,Trevor Megill,1.0
2401.0,Michael Grove,1.0
2400.0,Joan Adon,0.0
2396.0,Phil Dumatrait,1.0
2392.0,Trever Miller,0.0
2384.0,Barry Enright,0.0
2383.0,Erik Goeddel,1.0
2380.0,Pedro Avila,1.0
2378.0,John Lamb,2.0
2375.0,Jonathan Heasley,0.0
2367.0,Julian Merryweather,1.0
2366.0,Andrew Albers,1.0
2365.0,Adam Kolarek,0.0
2365.0,Rob Scahill,0.0
2363.0,Fernando Cruz,0.0
2355.0,Jimmy Yacabonis,0.0
2347.0,Justin Dunn,0.0
2346.0,Scot Shields,0.0
2344.0,Zach Pop,1.0
2340.0,Jackson Stephens,0.0
2334.0,Bryan Baker,0.0
2331.0,Nick Kingham,1.0
2326.0,Frank Herrmann,1.0
2324.0,Yennier Cano,0.0
2316.0,Boof Bonser,1.0
2316.0,Adrian Morejon,1.0
2311.0,Cla Meredith,1.0
2310.0,Jose Quijada,1.0
2308.0,Shota Imanaga,0.0
2304.0,Sammy Solis,1.0
2299.0,Nate Pearson,0.0
2297.0,Bill Bray,1.0
2293.0,Michael Bowden,0.0
2285.0,Matt Brash,1.0
2282.0,Chris Beck,0.0
2282.0,Yoshihisa Hirano,0.0
2270.0,Sergio Mitre,1.0
2268.0,Cha Seung Baek,1.0
2260.0,Randy Vasquez,0.0
2257.0,Andrew Nardi,0.0
2255.0,Tyler Wilson,0.0
2248.0,Michael Blazek,0.0
2244.0,Jeff Gray,0.0
2241.0,Jesse Carlson,0.0
2241.0,Colten Brewer,0.0
2236.0,Simeon Woods Richardson,0.0
2234.0,Louie Varland,0.0
2234.0,Allen Webster,0.0
2222.0,David Weathers,0.0
2220.0,Seth Martinez,0.0
2216.0,Alex Sanabia,0.0
2207.0,David Holmberg,0.0
2204.0,Huascar Ynoa,1.0
2204.0,Tyler Webb,1.0
2202.0,Josh James,0.0
2199.0,Cooper Criswell,0.0
2195.0,Trevor Hildenberger,0.0
2192.0,Miguel Diaz,0.0
2186.0,Sam Tuivailala,0.0
2183.0,Buddy Carlyle,0.0
2182.0,Jose Cuas,0.0
2182.0,Robert Suarez,1.0
2176.0,Spencer Arrighetti,0.0
2176.0,Jose Ramirez,0.0
2171.0,Erik Johnson,1.0
2170.0,Josh Taylor,0.0
2168.0,Tucker Davidson,0.0
2166.0,Chris Ray,1.0
2165.0,Jhan Marinez,0.0
2165.0,Cory Rasmus,0.0
2163.0,Billy Buckner,0.0
2155.0,James Pazos,0.0
2141.0,Michael Kohn,1.0
2140.0,Ryan Walker,0.0
2136.0,Manny Banuelos,1.0
2136.0,Randy Dobnak,0.0
2134.0,Trevor Hoffman,0.0
2132.0,Saul Rivera,0.0
2127.0,Jeff Brigham,1.0
2123.0,Michael Rucker,0.0
2115.0,Casey Lawrence,0.0
2112.0,Jefry Rodriguez,0.0
2112.0,Hogan Harris,1.0
2107.0,Jeremy Accardo,0.0
2106.0,Dan Altavilla,1.0
2103.0,Billy Wagner,1.0
2103.0,Josh Geer,0.0
2101.0,Josh Edgin,1.0
2100.0,Tayler Scott,0.0
2099.0,Colin Holderman,1.0
2099.0,J.D. Martin,1.0
2097.0,Nick Nelson,0.0
2093.0,Elvis Peguero,0.0
2089.0,Xzavion Curry,0.0
2088.0,Danny Barnes,0.0
2085.0,Jeff Weaver,0.0
2085.0,Kyle Lobstein,0.0
2082.0,Josh Fogg,0.0
2081.0,Mitchell Parker,0.0
2080.0,Bryan Hoeing,1.0
2073.0,Jhony Brito,1.0
2071.0,Mitch Spence,0.0
2064.0,Josh Rupe,0.0
2060.0,Zack Thompson,0.0
2055.0,Brian Bruney,0.0
2049.0,Anthony Bender,1.0
2048.0,Ron Marinaccio,1.0
2042.0,Tayron Guerrero,0.0
2040.0,Kevin Hart,0.0
2038.0,Yunior Marte,0.0
2037.0,Dylan Lee,0.0
2031.0,Spencer Patton,0.0
2031.0,Alec Asher,1.0
2027.0,Yohan Flande,0.0
2025.0,Michael Kirkman,0.0
2018.0,JoJo Romero,1.0
2013.0,Denny Bautista,0.0
2013.0,Brian Stokes,0.0
2009.0,Trevor Bell,1.0
2009.0,Thomas Pannone,0.0
2008.0,Jake Thompson,1.0
2007.0,Andrew Wantz,0.0
2005.0,Brandon Williamson,0.0
2004.0,Sean Hjelle,0.0
2002.0,Nate Adcock,1.0
2001.0,Matt Foster,1.0
1998.0,Nick Hagadone,1.0
1998.0,Jared Shuster,0.0
1994.0,Dennys Reyes,0.0
1991.0,Jason Bulger,1.0
1989.0,Radhames Liz,0.0
1987.0,Eddie Bonine,1.0
1984.0,Grant Dayton,1.0
1983.0,Felix Bautista,1.0
1981.0,Adam Oller,0.0
1980.0,Daniel Stumpf,0.0
1975.0,Kevin Kelly,0.0
1975.0,Connor Seabold,0.0
1975.0,Cole Sands,0.0
1974.0,Daniel Gossett,1.0
1974.0,Jose Butto,0.0
1974.0,Dennis Sarfate,0.0
1974.0,Greg Reynolds,0.0
1960.0,Darrell Rasner,0.0
1958.0,Adrian Martinez,1.0
1957.0,Anthony Misiewicz,0.0
1956.0,Osvaldo Bido,0.0
1956.0,Nick Mears,0.0
1953.0,Ty Buttrey,0.0
1951.0,Jacob Waguespack,0.0
1949.0,Casey Sadler,1.0
1949.0,Austin Bibens-Dirkx,0.0
1946.0,TJ House,0.0
1944.0,Tyler Cloyd,1.0
1942.0,Russ Springer,0.0
1942.0,Andrew Bellatti,1.0
1941.0,Logan Kensing,1.0
1940.0,Brian Ellington,1.0
1939.0,John Ely,1.0
1934.0,Calvin Faucher,0.0
1934.0,Tyler Walker,1.0
1933.0,Parker Bridwell,0.0
1932.0,Jay Jackson,0.0
1930.0,Luke Farrell,0.0
1927.0,John Curtiss,2.0
1927.0,Shairon Martis,0.0
1926.0,Cody Bradford,0.0
1910.0,Taylor Widener,0.0
1909.0,Daniel Webb,1.0
1908.0,Kyle Nelson,0.0
1907.0,Rick Van Den Hurk,0.0
1904.0,Ron Villone,0.0
1904.0,Alfredo Figaro,0.0
1900.0,Cory Abbott,0.0
1896.0,Nick Margevicius,0.0
1893.0,Mike Lincoln,2.0
1892.0,Garrett Cleavinger,0.0
1888.0,Jesus Colome,0.0
1888.0,Justin Speier,0.0
1886.0,Scott McGough,1.0
1882.0,Sean Gilmartin,0.0
1873.0,Matt Festa,1.0
1872.0,David Herndon,1.0
1870.0,Eric Skoglund,0.0
1867.0,Humberto Castellanos,1.0
1864.0,Victor Arano,0.0
1863.0,Sean West,0.0
1861.0,Lucas Erceg,0.0
1860.0,Warwick Saupold,0.0
1857.0,Joe Nelson,1.0
1854.0,Luis Perez,1.0
1854.0,Jimmy Cordero,1.0
1854.0,Victor Gonzalez,1.0
1847.0,Jonathan Pettibone,0.0
1846.0,Sam Coonrod,1.0
1843.0,Ryne Harper,0.0
1842.0,Jack Taschner,1.0
1842.0,Hector Ambriz,1.0
1840.0,Keyvius Sampson,0.0
1836.0,Jesse Biddle,1.0
1835.0,Edgar Santana,1.0
1832.0,Darwinzon Hernandez,0.0
1830.0,Cesar Valdez,0.0
1829.0,Paul Skenes,0.0
1829.0,Tayler Saucedo,0.0
1828.0,Hirokazu Sawamura,0.0
1825.0,Bowden Francis,0.0
1824.0,Gabe Speier,1.0
1814.0,John Smoltz,1.0
1814.0,Josh Winder,0.0
1812.0,Everett Teaford,0.0
1798.0,James Hoyt,0.0
1796.0,Joey Estes,0.0
1789.0,Hunter Gaddis,0.0
1782.0,Rafael Dolis,1.0
1781.0,Heath Fillmyer,0.0
1779.0,Angel Zerpa,0.0
1776.0,Taylor Williams,1.0
1774.0,Jimmy Lambert,1.0
1773.0,Phillips Valdez,0.0
1772.0,Cole De Vries,0.0
1770.0,Bobby Seay,0.0
1770.0,Steve Geltz,0.0
1767.0,Josh Banks,0.0
1766.0,Marcus Walden,1.0
1759.0,Tobias Myers,0.0
1758.0,Jordan Yamamoto,0.0
1758.0,Doug Slaten,0.0
1754.0,Glendon Rusch,0.0
1754.0,Dan Meyer,0.0
1750.0,Braden Shipley,0.0
1750.0,Wilfredo Ledezma,0.0
1742.0,Kyle Zimmer,0.0
1740.0,Russ Ortiz,1.0
1740.0,Ian Hamilton,0.0
1740.0,Chris Withrow,1.0
1739.0,Damaso Marte,0.0
1739.0,Jairo Diaz,1.0
1738.0,Buddy Boshers,0.0
1737.0,Matt Daley,0.0
1737.0,Shawn Hill,2.0
1734.0,Sam Howard,0.0
1732.0,Silvino Bracho,1.0
1732.0,Eric Surkamp,1.0
1732.0,Yacksel Rios,0.0
1727.0,Julian Tavarez,0.0
1726.0,Daniel Herrera,1.0
1721.0,Brennan Bernardino,0.0
1720.0,Carlos Frias,0.0
1718.0,Reed Garrett,0.0
1715.0,J.P. Feyereisen,0.0
1714.0,Brandon Medders,0.0
1713.0,Dylan Coleman,0.0
1711.0,Yefry Ramirez,0.0
1710.0,Alex Meyer,0.0
1708.0,Zac Rosscup,0.0
1694.0,Zach Stewart,0.0
1690.0,Yoan Lopez,0.0
1688.0,Clay Condrey,0.0
1687.0,Rich Thompson,0.0
1687.0,Mason Thompson,2.0
1685.0,Scott Elbert,1.0
1684.0,Slade Cecconi,0.0
1683.0,Carlos Fisher,0.0
1680.0,Tsuyoshi Wada,1.0
1679.0,Jonathan Cannon,0.0
1675.0,Daniel Schlereth,1.0
1674.0,Edgmer Escalona,0.0
1666.0,Zach Neal,0.0
1661.0,Eddie Guardado,1.0
1658.0,Juan Rincon,0.0
1650.0,Ryan Burr,1.0
1645.0,Jesus Tinoco,0.0
1639.0,Scott Proctor,1.0
1632.0,Carson Smith,1.0
1632.0,Dauri Moreta,1.0
1630.0,Joel Zumaya,1.0
1629.0,Matt Herges,0.0
1619.0,Jake Barrett,0.0
1615.0,Chasen Bradford,1.0
1608.0,Brandon Cumpton,0.0
1606.0,Davis Martin,1.0
1603.0,Carson Spiers,0.0
1603.0,Jason Jennings,0.0
1599.0,Tyler Olson,0.0
1597.0,Anthony Kay,1.0
1597.0,Shane Loux,2.0
1597.0,Josh Rogers,2.0
1596.0,Trey Wingenter,1.0
1593.0,Cesar Jimenez,0.0
1588.0,Quinn Priester,0.0
1586.0,Fernando Nieve,1.0
1584.0,Jovani Moran,1.0
1583.0,Claudio Vargas,0.0
1579.0,Thomas Eshelman,0.0
1576.0,Edwar Ramirez,0.0
1574.0,Lucas Gilbreath,1.0
1574.0,Travis Lakins Sr.,0.0
1569.0,Jake Cousins,0.0
1556.0,Chase Silseth,0.0
1555.0,Brad Mills,0.0
1554.0,Tony Santillan,0.0
1552.0,Adam Russell,0.0
1552.0,Anthony Ranaudo,0.0
1552.0,Mitch Stetter,0.0
1552.0,Corey Oswalt,0.0
1550.0,Doug Mathis,0.0
1549.0,Blake Taylor,1.0
1548.0,Jared Jones,0.0
1547.0,Dusty Hughes,1.0
1545.0,Scott Schoeneweis,1.0
1536.0,Aneury Rodriguez,0.0
1534.0,Eury Perez,1.0
1531.0,Aaron Slegers,0.0
1526.0,Clay Rapada,0.0
1525.0,Robert Dugger,0.0
1523.0,Taylor Cole,0.0
1522.0,Josh Lueke,0.0
1522.0,Reiver Sanmartin,1.0
1519.0,Hunter Wood,0.0
1518.0,Michael Stutes,0.0
1518.0,Stefan Crichton,1.0
1514.0,Casey Kelly,1.0
1510.0,Jackson Kowar,1.0
1510.0,Joel Kuhnel,0.0
1509.0,Jared Koenig,0.0
1509.0,Bryan Garcia,1.0
1508.0,Kyle Funkhouser,0.0
1504.0,A.J. Schugel,0.0
1504.0,Brandon Hughes,0.0
1500.0,Ramon Ortiz,0.0
1497.0,Dovydas Neverauskas,0.0
1494.0,Richard Lovelady,1.0
1494.0,Sean White,0.0
1493.0,Pedro Beato,1.0
1492.0,Adam Liberatore,1.0
1489.0,Carlos Monasterios,1.0
1485.0,Roddery Munoz,0.0
1480.0,Josh Smoker,0.0
1480.0,Stephen Fife,1.0
1480.0,B.J. Ryan,1.0
1478.0,Leo Rosales,0.0
1477.0,Henry Owens,0.0
1477.0,Taylor Buchholz,1.0
1477.0,Geoff Hartlieb,0.0
1473.0,Donnie Hart,0.0
1472.0,Matt Peacock,0.0
1471.0,Keaton Winn,1.0
1469.0,Tyler Gilbert,0.0
1467.0,Anthony Reyes,1.0
1466.0,Matt Maloney,1.0
1463.0,Mason Miller,0.0
1461.0,Dane De La Rosa,0.0
1460.0,Darin Downs,0.0
1459.0,Collin Snider,0.0
1458.0,Brent Honeywell,1.0
1457.0,Taylor Jordan,2.0
1456.0,Jandel Gustave,1.0
1456.0,Codi Heuer,1.0
1453.0,Daniel Castano,0.0
1452.0,Roy Corcoran,0.0
1451.0,Ryota Igarashi,1.0
1451.0,Luis Atilano,1.0
1450.0,Peter Strzelecki,1.0
1449.0,Shane Baz,1.0
1448.0,Alan Embree,0.0
1448.0,Spencer Schwellenbach,1.0
1447.0,Jesse Scholtens,1.0
1447.0,Jordan Norberto,1.0
1445.0,Chad Jenkins,0.0
1444.0,Tyler Yates,2.0
1434.0,Miguel Socolovich,1.0
1432.0,Dany Jimenez,0.0
1431.0,Jorge Sosa,0.0
1428.0,Doug Brocail,2.0
1425.0,Alex Hinshaw,0.0
1421.0,Greg Weissert,0.0
1419.0,Enerio Del Rosario,0.0
1417.0,Rhiner Cruz,0.0
1409.0,Greg Burke,0.0
1405.0,Victor Marte,0.0
1405.0,Justin Topa,2.0
1404.0,Shintaro Fujinami,0.0
1404.0,Shawn Chacon,0.0
1396.0,Dan Runzler,0.0
1395.0,Tommy Nance,1.0
1394.0,Brayan Villarreal,0.0
1391.0,Steve Johnson,0.0
1388.0,Paco Rodriguez,1.0
1383.0,Tim Herrin,0.0
1378.0,Tim Dillard,0.0
1376.0,Bryce Jarvis,0.0
1375.0,Brian Schlitter,1.0
1371.0,Chris Mazza,0.0
1364.0,Victor Vodnik,0.0
1360.0,Geoff Geary,0.0
1359.0,Robert Garcia,0.0
1359.0,Tristan Beck,0.0
1356.0,Andre Jackson,1.0
1354.0,Domingo Acevedo,0.0
1351.0,Luke Bard,0.0
1343.0,Brad Thomas,0.0
1342.0,Merkin Valdez,1.0
1337.0,Sam Selman,0.0
1336.0,Tyson Miller,0.0
1334.0,Rony Garcia,0.0
1328.0,Garrett Hill,1.0
1324.0,Cody Poteet,1.0
1323.0,Chris Leroux,0.0
1323.0,Mason Englert,1.0
1321.0,Riley Smith,0.0
1319.0,Sixto Sanchez,0.0
1313.0,Salomon Torres,0.0
1310.0,Chad Bell,1.0
1307.0,Elmer Dessens,0.0
1306.0,George Soriano,0.0
1291.0,Yohan Pino,0.0
1289.0,Aaron Blair,0.0
1284.0,Deivi Garcia,0.0
1284.0,Carmen Mlodzinski,0.0
1282.0,Zack Kelly,1.0
1281.0,Domingo Tapia,1.0
1280.0,Kirby Snead,0.0
1280.0,Drew Rucinski,0.0
1278.0,Jake Newberry,0.0
1276.0,Kyle Crockett,0.0
1275.0,Aquilino Lopez,0.0
1272.0,Thyago Vieira,0.0
1271.0,Chris Waters,0.0
1269.0,Aaron Barrett,1.0
1267.0,DL Hall,0.0
1266.0,Jake Brentz,1.0
1265.0,Penn Murfee,1.0
1264.0,Donnie Veal,1.0
1261.0,Victor Alcantara,0.0
1259.0,Robert Stock,0.0
1259.0,Tejay Antone,2.0
1259.0,Zach Jackson,0.0
1060.0,Zach Jackson,0.0
1258.0,Jeremy Horst,0.0
1255.0,J.C. Mejia,0.0
1254.0,Gregory Santos,0.0
1250.0,Justin Martinez,1.0
1249.0,Kohl Stewart,0.0
1248.0,Enrique Burgos,0.0
1248.0,Marcos Mateo,1.0
1248.0,DJ Herz,0.0
1242.0,Jeremiah Estrada,1.0
1240.0,Preston Claiborne,0.0
1239.0,Fernando Romero,1.0
1239.0,Jeff Beliveau,0.0
1239.0,Joey Krehbiel,0.0
1238.0,Duane Below,1.0
1238.0,Edwin Uceta,0.0
1235.0,Pat Venditte,0.0
1230.0,Jim Miller,0.0
1224.0,Brendan Donnelly,1.0
1223.0,Shane Carle,0.0
1222.0,Jose De Leon,2.0
1221.0,Randy Flores,0.0
1212.0,Tyler Cravy,0.0
1208.0,Mark DiFelice,0.0
1204.0,Yariel Rodriguez,0.0
1204.0,Josh Kinney,1.0
1202.0,Pedro Hernandez,0.0
1198.0,Luis Frias,0.0
1195.0,Zach Logue,0.0
1188.0,Yoshinobu Yamamoto,0.0
1187.0,Keider Montero,0.0
1187.0,Rob Zastryzny,0.0
1186.0,Declan Cronin,0.0
1183.0,Cody Stashak,0.0
1181.0,James McArthur,0.0
1175.0,Brian Shouse,0.0
1174.0,Gregory Infante,0.0
1173.0,Thomas Hatch,0.0
1171.0,Jordan Wicks,0.0
1168.0,David Riske,1.0
1167.0,Justin Bruihl,1.0
1166.0,Severino Gonzalez,0.0
1165.0,Tony Zych,0.0
1165.0,Daulton Jefferies,2.0
1160.0,Tom Cosgrove,1.0
1160.0,Duaner Sanchez,0.0
1160.0,Jason Alexander,1.0
1160.0,Elvis Araujo,1.0
1160.0,Kaleb Ort,0.0
1158.0,Pat Dean,0.0
1156.0,Joe Barlow,0.0
1154.0,Alan Busenitz,0.0
1149.0,Dario Agrazal,0.0
1147.0,Andrew Vasquez,0.0
1144.0,Kyle McGowin,0.0
1143.0,Corbin Martin,1.0
1140.0,Michael Ynoa,1.0
1140.0,Pedro Villarreal,0.0
1136.0,Scott Eyre,1.0
1134.0,Rob Wooten,2.0
1132.0,Sean Poppen,0.0
1129.0,Jose Torres,0.0
1129.0,Keiichi Yabu,0.0
1127.0,Ben Heller,1.0
1125.0,Joey Devine,2.0
1125.0,T.J. Zeuch,0.0
1125.0,Angel Guzman,1.0
1116.0,Alberto Arias,0.0
1113.0,Randy Rosario,1.0
1113.0,Mauricio Llovera,0.0
1113.0,Sean Nolin,1.0
1111.0,Joe Boyle,0.0
1111.0,Ryan Carpenter,0.0
1111.0,Ryan Garton,0.0
1107.0,Horacio Ramirez,0.0
1103.0,Erik Miller,0.0
1102.0,Emmet Sheehan,1.0
1100.0,Luis Vizcaino,0.0
1098.0,Dan Giese,1.0
1096.0,Kiko Calero,0.0
1094.0,J.R. Graham,0.0
1094.0,Tom Glavine,0.0
1093.0,Dillon Maples,0.0
1093.0,Tyler Bashlor,1.0
1092.0,Zac Reininger,1.0
1092.0,Louis Head,0.0
1091.0,Bryan Hudson,0.0
1091.0,Donovan Hand,0.0
1089.0,Orion Kerkering,0.0
1089.0,Doug Waechter,0.0
1087.0,Sam Demel,1.0
1086.0,Kohei Arihara,0.0
1082.0,Kanekoa Texeira,0.0
1081.0,Grant Anderson,0.0
1079.0,Konnor Pilkington,0.0
1073.0,Charlie Haeger,1.0
1073.0,Matt Carasiti,1.0
1072.0,Tomo Ohka,0.0
1072.0,Edgar Garcia,0.0
1071.0,Scott Effross,1.0
1070.0,Justin Lehr,1.0
1070.0,Art Warren,1.0
1069.0,Jonathan Albaladejo,0.0
1065.0,Brett de Geus,0.0
1064.0,Mike Zagurski,1.0
1060.0,Bryan Bullington,0.0
1058.0,Mike Ekstrom,0.0
1057.0,Max Meyer,1.0
1057.0,Scott Rice,0.0
1056.0,Cade Povich,0.0
1055.0,Stephen Nogosek,0.0
1054.0,Ashton Goudeau,0.0
1050.0,Troy Percival,0.0
1046.0,Bobby Cassevah,1.0
1046.0,Cade Smith,0.0
1043.0,Kenny Rosenberg,0.0
1043.0,Drey Jameson,1.0
1042.0,Chad Bradford,0.0
1041.0,Ryan Fernandez,0.0
1039.0,Max Castillo,0.0
1039.0,Brad Wieck,2.0
1039.0,Yoshinori Tateyama,0.0
1031.0,Hayden Birdsong,0.0
1027.0,Francis Martes,1.0
1024.0,Bo Schultz,1.0
1024.0,Alberto Castillo,0.0
1023.0,Phil Klein,0.0
1021.0,Freddy Dolsi,0.0
1021.0,Robby Scott,0.0
1018.0,Kason Gabbard,0.0
1016.0,B.J. Rosenberg,0.0
1016.0,Cody Eppley,0.0
1015.0,Jimmie Sherfy,0.0
1015.0,Lewis Thorpe,1.0
1014.0,Enoli Paredes,0.0
1013.0,Packy Naughton,1.0
1008.0,Joel De La Cruz,0.0
1006.0,Jake Buchanan,0.0
1004.0,Masa Kobayashi,0.0
1004.0,Yasuhiko Yabuta,0.0
1001.0,Manuel Rodriguez,0.0
999.0,Ralph Garza Jr.,0.0
998.0,Noah Davis,1.0
998.0,Yuki Matsui,0.0
997.0,Andrew Moore,0.0
993.0,Jacob Latz,0.0
993.0,Tyler Zuber,0.0
990.0,Justin Shafer,0.0
984.0,Junior Fernandez,0.0
980.0,Daniel Wright,0.0
979.0,Brooks Brown,0.0
977.0,Roman Colon,0.0
977.0,Craig Hansen,0.0
977.0,Cody Ponce,0.0
972.0,Trevor Kelley,0.0
971.0,Lisalverto Bonilla,1.0
970.0,Neil Wagner,1.0
970.0,Evan Reed,1.0
969.0,Kyle Nicolas,0.0
968.0,Justin Berg,0.0
967.0,Gary Glover,0.0
966.0,Shawn Dubin,0.0
965.0,A.J. Achter,0.0
963.0,Zach Braddock,1.0
962.0,Yunesky Maya,0.0
960.0,Randy Williams,1.0
960.0,Jairo Asencio,0.0
956.0,Wes Parsons,0.0
954.0,Vinnie Chulk,0.0
953.0,Fu-Te Ni,1.0
953.0,Franquelis Osoria,0.0
952.0,Joe Martinez,0.0
950.0,Jose E. Hernandez,0.0
948.0,Cody Martin,0.0
947.0,Jon Duplantier,0.0
946.0,Emerson Hancock,0.0
945.0,Oliver Ortega,0.0
945.0,Tyler Danish,0.0
945.0,Michael Mariot,0.0
943.0,Connor Overton,2.0
941.0,Jordan Smith,0.0
936.0,Kevin Chapman,1.0
932.0,Eric Yardley,0.0
931.0,Harrison Musgrave,1.0
929.0,James Norwood,0.0
928.0,Angel Perdomo,1.0
928.0,Anthony Molina,0.0
927.0,Chad Sobotka,0.0
926.0,Jose A. Valdez,0.0
926.0,Joe Wieland,1.0
925.0,Deck McGuire,0.0
921.0,Adam Loewen,0.0
919.0,Mike Kickham,0.0
919.0,Jose Dominguez,0.0
917.0,Ryan Feierabend,1.0
914.0,Matt Chico,1.0
914.0,Brandon Cunniff,0.0
912.0,Koda Glover,1.0
911.0,Bob Keppel,0.0
911.0,Steven Shell,0.0
910.0,Matt Hall,0.0
908.0,Wei-Chung Wang,1.0
907.0,Ross Wolf,0.0
905.0,Stephen Tarpley,0.0
904.0,Artie Lewicki,2.0
904.0,Stolmy Pimentel,0.0
903.0,Sam Clay,0.0
903.0,Carlos Contreras,0.0
901.0,Maikel Cleto,0.0
901.0,Tim Melville,1.0
900.0,John Bale,0.0
898.0,Brendan McKay,1.0
898.0,Ray Kerr,0.0
896.0,Warner Madrigal,0.0
894.0,Tyrell Jenkins,0.0
894.0,Tim Wood,1.0
893.0,Chris Seddon,0.0
892.0,Scott Maine,1.0
891.0,Brooks Pounders,1.0
890.0,Dario Alvarez,0.0
889.0,Walker Lockett,0.0
888.0,Kyle Keller,0.0
884.0,Brandon Brennan,1.0
878.0,Eduard Bazardo,0.0
878.0,Reiss Knehr,0.0
876.0,Jamie Walker,0.0
874.0,Henry Sosa,0.0
873.0,Mike Timlin,0.0
873.0,Simon Castro,1.0
872.0,Clay Zavada,1.0
870.0,Chris Murphy,1.0
867.0,Ryan Castellani,0.0
866.0,Eduardo Sanchez,1.0
865.0,Jorge Julio,0.0
865.0,Michael Schwimer,0.0
865.0,Jimmy Gobble,0.0
864.0,Lenny DiNardo,0.0
862.0,Ryan Sherriff,1.0
861.0,Phillippe Aumont,0.0
859.0,Dillon Overton,1.0
859.0,Eury De La Rosa,0.0
857.0,Hunter Cervenka,0.0
857.0,Ronald Bolanos,0.0
856.0,Yohander Mendez,0.0
856.0,Ryan Speier,0.0
855.0,Justin Garza,1.0
854.0,Josh Stinson,0.0
853.0,Mike Burns,0.0
852.0,Jose Ferrer,0.0
850.0,Wes Benjamin,1.0
849.0,Ben Brown,1.0
847.0,Francisley Bueno,0.0
846.0,Yerry De Los Santos,1.0
846.0,Chance Adams,1.0
846.0,Vic Black,0.0
845.0,Johnny Barbato,0.0
844.0,Eric Gagne,1.0
844.0,Josh Zeid,0.0
841.0,Ethan Martin,0.0
841.0,Ricardo Pinto,0.0
840.0,Sandy Rosario,0.0
840.0,Danny Young,0.0
839.0,Luke Putkonen,1.0
839.0,Andre Scrubb,0.0
837.0,Randy Rodriguez,0.0
834.0,Miguel Yajure,1.0
833.0,Jose Marte,0.0
830.0,Steven Jackson,0.0
825.0,Joe Savery,0.0
824.0,Raul Alcantara,1.0
821.0,Jacob Rhame,0.0
821.0,John Parrish,1.0
820.0,Frank Garces,0.0
820.0,Alex Wells,0.0
817.0,Nick Vespi,0.0
816.0,Mark Rogers,0.0
815.0,David Paulino,1.0
815.0,Ryan O'Rourke,1.0
813.0,Brett Kennedy,0.0
812.0,Nick Neidert,0.0
810.0,Abner Uribe,0.0
810.0,Kyle Tyler,0.0
807.0,Billy Sadler,0.0
806.0,Michael Kelly,0.0
803.0,Ryan Tucker,0.0
803.0,Kody Funderburk,0.0
800.0,Gerardo Reyes,1.0
798.0,Graham Godfrey,0.0
797.0,Juan Pablo Perez,0.0
797.0,Stephen Kolek,0.0
796.0,Branden Kline,1.0
787.0,Christian Scott,0.0
786.0,Roman Mendez,0.0
786.0,David Festa,0.0
784.0,Drew Anderson,1.0
781.0,Charlie Manning,0.0
779.0,Virgil Vasquez,0.0
779.0,Adam Wilk,0.0
772.0,Mario Hollands,1.0
769.0,Landon Knack,0.0
767.0,Gary Majewski,0.0
767.0,Cody Bolton,0.0
765.0,Joe Paterson,0.0
765.0,Mike McClendon,0.0
764.0,Leonel Campos,1.0
764.0,Mark Redman,0.0
763.0,Alex McRae,0.0
761.0,Bryan Corey,0.0
761.0,Hunter Stratton,0.0
761.0,Jon Edwards,0.0
760.0,Aaron Thompson,0.0
759.0,Conner Menez,0.0
759.0,Kodi Whitley,1.0
757.0,Grant Hartwig,0.0
756.0,Ray Black,1.0
755.0,Jhonathan Diaz,0.0
753.0,Gavin Hollowell,0.0
750.0,Lance Broadway,0.0
750.0,Gabriel Moya,0.0
750.0,Max Kranick,1.0
749.0,Grant Holmes,0.0
748.0,Valente Bellozo,0.0
748.0,Kyle Weiland,0.0
747.0,Casey Fossum,0.0
746.0,Shawn Estes,1.0
743.0,Ben Joyce,1.0
743.0,JD Hammer,0.0
741.0,Daniel Palencia,0.0
739.0,Travis Bergen,1.0
734.0,Luiz Gohara,0.0
734.0,Yerry Rodriguez,0.0
733.0,Wyatt Mills,1.0
732.0,Anthony Castro,1.0
732.0,Jeff Stevens,0.0
732.0,Patrick Murphy,1.0
730.0,Brad Hennessey,0.0
729.0,Matt Stites,0.0
727.0,Chuck James,0.0
727.0,Jordan Holloway,1.0
726.0,Dirk Hayhurst,0.0
726.0,Davis Daniel,1.0
723.0,Zac Curtis,0.0
721.0,Drew Thorpe,0.0
720.0,Steve Trachsel,0.0
718.0,Enrique Gonzalez,0.0
716.0,Anthony Lerew,1.0
714.0,Rookie Davis,0.0
712.0,Brian Omogrosso,0.0
708.0,James Parr,1.0
707.0,Caleb Baragar,0.0
706.0,T.J. Beam,0.0
705.0,Daniel Duarte,1.0
705.0,Reymin Guduan,0.0
705.0,Rudy Seanez,0.0
699.0,Michael Roth,0.0
699.0,Justin Hampson,0.0
696.0,Jon Lieber,1.0
696.0,Nik Turley,1.0
693.0,Kyle Leahy,0.0
693.0,Randor Bierd,1.0
691.0,Janson Junk,0.0
691.0,Gustavo Chacin,0.0
691.0,Todd Jones,0.0
689.0,Chris O'Grady,0.0
688.0,Jose Castillo,1.0
688.0,Joe Ortiz,0.0
685.0,Colton Murray,0.0
683.0,Jake Jewell,0.0
683.0,Fautino De Los Santos,1.0
683.0,Ryan Hendrix,0.0
682.0,Gus Varland,1.0
681.0,Thaddeus Ward,0.0
681.0,Miguel Sanchez,0.0
681.0,Allan Winans,0.0
680.0,Eduardo Paredes,0.0
680.0,Cy Sneed,0.0
679.0,Jaime Schultz,1.0
679.0,Justin Slaten,0.0
679.0,DJ Johnson,0.0
679.0,Rico Garcia,1.0
679.0,Kevin Shackelford,1.0
674.0,Ben Bowden,0.0
671.0,Drew Rom,0.0
671.0,Zac Lowther,0.0
671.0,Yoslan Herrera,0.0
670.0,Dave Borkowski,0.0
667.0,Brendan White,0.0
667.0,Josh Ravin,0.0
666.0,Cam Booser,0.0
666.0,Andrew Werner,0.0
664.0,Kris Benson,1.0
663.0,Nick Nastrini,0.0
663.0,Taylor Guerrieri,1.0
663.0,Fernando Cabrera,0.0
661.0,Sammy Peralta,0.0
657.0,Matt Swarmer,0.0
657.0,Tyler Ferguson,0.0
657.0,Tanner Anderson,0.0
656.0,Jacob Nix,1.0
656.0,David McKay,0.0
655.0,Charlie Barnes,0.0
654.0,Josh Spence,0.0
651.0,Luis Santos,0.0
650.0,Joe La Sorsa,0.0
649.0,Donn Roach,0.0
649.0,Chris Bootcheck,0.0
649.0,Brandon Duckworth,0.0
645.0,Michel Baez,1.0
644.0,Mauricio Cabrera,0.0
644.0,Kevin Herget,1.0
643.0,David Rollins,0.0
640.0,Josh Lucas,1.0
638.0,Sergio Escalona,1.0
638.0,Connor Sadzeck,2.0
637.0,Aaron Wilkerson,1.0
635.0,Elvis Luciano,0.0
635.0,Adonis Medina,0.0
635.0,Francisco Perez,0.0
634.0,Marcos Diplan,0.0
632.0,Drew Carpenter,0.0
630.0,Yorman Bazardo,0.0
629.0,Keith Hessler,1.0
629.0,Chris Lambert,0.0
626.0,Humberto Mejia,0.0
626.0,Aaron Poreda,0.0
624.0,Drew Gagnon,0.0
623.0,Vladimir Nunez,0.0
623.0,C.C. Lee,1.0
621.0,Darren McCaughan,0.0
620.0,Kam Mickolio,0.0
619.0,Austin Warren,1.0
616.0,David Goforth,0.0
615.0,Ramon Ramirez,0.0
614.0,Johnny Hellweg,1.0
612.0,Oscar Villarreal,1.0
612.0,Nick Rumbelow,1.0
611.0,Eduardo Salazar,0.0
611.0,Ian Thomas,0.0
610.0,Caleb Cotham,0.0
610.0,Rob Whalen,0.0
608.0,Preston Guilmet,0.0
607.0,Joel Carreno,0.0
607.0,Cesar Vargas,0.0
607.0,R.J. Alvarez,0.0
606.0,Dalier Hinojosa,0.0
604.0,Logan Gillaspie,0.0
604.0,Andy Oliver,0.0
603.0,Brendon Little,0.0
602.0,Dylan Dodd,0.0
602.0,Thomas Diamond,1.0
601.0,Jon Moscot,1.0
600.0,Brian Wolfe,0.0
599.0,Bobby Poyner,0.0
597.0,Isaiah Campbell,0.0
597.0,Nick Robertson,1.0
596.0,Taylor Tankersley,0.0
594.0,AJ Smith-Shawver,0.0
592.0,Hyeon-Jong Yang,0.0
592.0,Stephen Gonsalves,1.0
591.0,Cody Morris,1.0
591.0,Shae Simmons,1.0
590.0,Stephen Pryor,0.0
589.0,Carlos Rosa,0.0
585.0,Chad Smith,1.0
244.0,Chad Smith,1.0
584.0,Adam Mazur,0.0
584.0,Buddy Baumann,0.0
583.0,Curtis Partch,0.0
582.0,Chris Ellis,0.0
582.0,Mickey Storey,0.0
582.0,Karl Kauffmann,0.0
581.0,Andrew Brown,1.0
581.0,Elvin Rodriguez,0.0
581.0,Kazuhisa Makita,0.0
580.0,Luis Oviedo,0.0
579.0,Mayckol Guaipe,0.0
579.0,Kyle Cody,1.0
578.0,Tyler Phillips,1.0
578.0,Austin Cox,0.0
578.0,Ryan Meisinger,0.0
576.0,Jose Ascanio,0.0
576.0,Demarcus Evans,0.0
576.0,A.J. Alexy,0.0
574.0,Kirk McCarty,0.0
573.0,Luke Little,0.0
573.0,Luis F. Ortiz,0.0
570.0,Tom Gordon,1.0
568.0,Pedro Figueroa,2.0
565.0,Darius Vines,0.0
560.0,Parker Mushinski,0.0
560.0,Jordan Leasure,0.0
559.0,Hayden Penn,0.0
559.0,Anthony Gose,1.0
558.0,Jess Todd,0.0
557.0,Anthony Vasquez,0.0
556.0,Robert Carson,0.0
554.0,Rafael Rodriguez,0.0
551.0,Peyton Battenfield,0.0
547.0,Tim Peterson,0.0
545.0,Robbie Weinhardt,0.0
545.0,Sean Henn,1.0
545.0,Chris Schwinden,0.0
545.0,Cory Burns,0.0
544.0,Lester Oliveros,1.0
543.0,Jose Ceda,1.0
542.0,Keith Foulke,0.0
542.0,Ariel Pena,0.0
542.0,Kent Emanuel,1.0
541.0,Pedro Araujo,0.0
541.0,Hans Crouse,0.0
540.0,Tanner Gordon,0.0
539.0,Porter Hodge,0.0
538.0,Jason Davis,0.0
537.0,Robert Coello,0.0
537.0,Chad Reineke,0.0
535.0,Colin Selby,0.0
534.0,Hiram Burgos,0.0
534.0,Chance Ruffin,0.0
533.0,Brett Graves,0.0
533.0,Kyle Dowdy,1.0
532.0,Spencer Bivens,0.0
531.0,Ljay Newsome,1.0
528.0,Keury Mella,0.0
524.0,Kyle Waldrop,1.0
523.0,Drew Carlton,0.0
522.0,Zeke Spruill,0.0
521.0,Dedniel Nunez,1.0
521.0,Parker Markel,0.0
520.0,Landen Roupp,0.0
518.0,Chris Roycroft,0.0
514.0,Rob Rasmussen,0.0
512.0,Frankie De La Cruz,0.0
512.0,Matt Dermody,1.0
512.0,Cory Mazzoni,0.0
510.0,Nick Burdi,2.0
507.0,Brian Sweeney,0.0
507.0,Greg Aquino,0.0
505.0,Bennett Sousa,0.0
505.0,Chris Rodriguez,0.0
503.0,Justin Wrobleski,1.0
503.0,Alberto Cabrera,0.0
502.0,Shun Yamaguchi,0.0
501.0,Eric Stout,0.0
501.0,Zac Grotz,0.0
500.0,Branden Pinder,1.0
497.0,Nick Greenwood,0.0
496.0,Erich Uelmen,0.0
496.0,Kevin Mulvey,0.0
496.0,Jake Reed,0.0
496.0,Ryan Merritt,0.0
495.0,David Patton,0.0
494.0,Brent Headrick,0.0
493.0,Jason Garcia,1.0
493.0,Jordan Sheffield,1.0
493.0,Ryan Sadowski,0.0
491.0,Jason Johnson,0.0
491.0,Willie Eyre,1.0
489.0,Jose G. Valdez,0.0
486.0,Walter Silva,0.0
486.0,Joe Jacques,0.0
485.0,Edwin Escobar,0.0
485.0,Jeremy Beasley,0.0
484.0,Steve Edlefsen,0.0
484.0,Bobby Cramer,1.0
482.0,Bobby Korecky,1.0
481.0,Denyi Reyes,0.0
481.0,Tim Cooney,0.0
481.0,Amos Willingham,0.0
481.0,Troy Scribner,0.0
480.0,Yennsy Diaz,0.0
480.0,Matt Marksberry,1.0
480.0,John Van Benschoten,0.0
480.0,Ethan Roberts,1.0
480.0,Williams Jerez,0.0
479.0,Scott Lewis,1.0
477.0,Scott Barnes,0.0
476.0,Jack Cassel,0.0
475.0,J.B. Bukauskas,0.0
472.0,Arnold Leon,1.0
470.0,Bradley Blalock,1.0
469.0,Rommie Lewis,0.0
468.0,Paul Campbell,1.0
467.0,Kyuji Fujikawa,1.0
465.0,Kervin Castro,2.0
465.0,Ben Taylor,0.0
463.0,Peter Solomon,1.0
463.0,Osiris Matos,0.0
462.0,Alex Wimmers,1.0
462.0,Andrew McKirahan,2.0
461.0,William Cuevas,0.0
461.0,Kevin Cameron,0.0
461.0,Ken Takahashi,0.0
461.0,Mike Shawaryn,0.0
460.0,Matt Morris,1.0
459.0,Jack Kochanowicz,0.0
459.0,Justin Haley,0.0
459.0,Michel Otanez,1.0
457.0,Jim Hoey,1.0
457.0,Mike Parisi,1.0
456.0,Mitch Atkins,0.0
455.0,Cody Carroll,1.0
455.0,Justin Thomas,0.0
454.0,Tyler Robertson,0.0
452.0,Reggie McClain,0.0
452.0,Seth Elledge,0.0
450.0,Zack Weiss,0.0
450.0,Royce Ring,0.0
449.0,Jackson Rutledge,0.0
447.0,Michael Brady,0.0
447.0,Conner Greene,0.0
446.0,Dietrich Enns,1.0
446.0,Sean Guenther,1.0
443.0,Robert Ray,0.0
441.0,Eric Hurley,0.0
441.0,Kyle McPherson,1.0
439.0,C.J. Fick,0.0
437.0,Merandy Gonzalez,0.0
436.0,Will Warren,0.0
436.0,Mike Gosling,0.0
436.0,Mitch Harris,0.0
434.0,Ariel Hernandez,0.0
434.0,Josh Walker,0.0
434.0,James Naile,1.0
430.0,Elvin Ramirez,0.0
428.0,Edwin Moreno,0.0
428.0,Tommy Doyle,0.0
425.0,Kris Johnson,1.0
425.0,Travis Schlichting,0.0
420.0,Zack Burdi,1.0
418.0,Sugar Ray Marimon,0.0
417.0,Pedro Payano,0.0
416.0,Jose Rodriguez,0.0
415.0,Joe Harvey,1.0
415.0,Waldis Joaquin,0.0
414.0,Kelvin Jimenez,0.0
413.0,Dayan Diaz,1.0
409.0,Dean Kiekhefer,0.0
408.0,Charlie Leesman,0.0
408.0,Sammy Gervacio,0.0
407.0,Brant Hurter,1.0
406.0,Akeel Morris,0.0
404.0,Eric Milton,1.0
403.0,Adalberto Mendez,0.0
403.0,Ben Rowen,0.0
401.0,Luis Marte,0.0
401.0,Kirk Saarloos,0.0
400.0,Al Reyes,2.0
400.0,Jake Dunning,0.0
400.0,Drake Britton,1.0
399.0,Cedrick Bowers,0.0
399.0,Robert Gasser,1.0
398.0,Chris Britton,0.0
396.0,Zach Phillips,0.0
395.0,Brooks Kriske,1.0
395.0,Esmailin Caridad,0.0
394.0,Logan Darnell,0.0
394.0,Brad Kilby,0.0
392.0,Joe Palumbo,1.0
392.0,Jordan Balazovic,0.0
392.0,Daniel Zamora,0.0
392.0,Tyler Wagner,0.0
390.0,Tyler Pill,0.0
388.0,Brian Falkenborg,1.0
388.0,Keith Butler,1.0
387.0,Carlos Muniz,0.0
386.0,Jorge Rondon,0.0
384.0,Angel Nesbitt,0.0
384.0,Daniel Corcino,0.0
383.0,Daniel Moskos,1.0
381.0,Connor Phillips,0.0
381.0,Randy Messenger,0.0
381.0,Esteban Loaiza,0.0
381.0,Tom Mastny,0.0
380.0,Aaron Fletcher,1.0
380.0,Bryan Augenstein,0.0
378.0,Dusten Knight,0.0
377.0,Ronny Henriquez,0.0
377.0,Beau Burrows,0.0
376.0,Mike Hinckley,0.0
376.0,Ehren Wassermann,0.0
375.0,Jeff Ferrell,1.0
375.0,Anderson Espinoza,2.0
375.0,Mike Broadway,0.0
374.0,Bryan Sammons,0.0
374.0,Phillip Diehl,0.0
374.0,Brady Lail,0.0
373.0,Carlos Ramirez,0.0
373.0,Kyle McGrath,0.0
373.0,Thomas Szapucki,1.0
373.0,Miguel Del Pozo,2.0
372.0,Bob McCrory,0.0
372.0,Jack Leiter,0.0
371.0,Jacob Lopez,1.0
371.0,Chih-Wei Hu,0.0
371.0,Emmanuel Ramirez,0.0
371.0,Marino Salas,0.0
370.0,Brent Leach,0.0
370.0,Colt Hynes,0.0
369.0,Miguel Almonte,0.0
369.0,Ben Meyer,0.0
368.0,Nick Maronde,0.0
367.0,Franklyn German,0.0
366.0,Norge Ruiz,0.0
365.0,Seth Frankoff,0.0
365.0,Caleb Kilian,0.0
365.0,Jackson Tetreault,0.0
365.0,Brandon Walter,1.0
364.0,Pat Light,0.0
364.0,Daryl Thompson,0.0
360.0,Beau Sulser,1.0
358.0,Brenan Hanifee,1.0
358.0,Bryan King,1.0
358.0,Dallas Beeler,1.0
358.0,Bobby LaFromboise,0.0
358.0,Jake Woods,0.0
357.0,Lyon Richardson,1.0
356.0,Billy Traber,1.0
356.0,Runelvys Hernandez,1.0
356.0,Lance Pendleton,1.0
355.0,Joey Cantillo,0.0
353.0,Taylor Hill,0.0
353.0,Ryder Ryan,0.0
352.0,C.J. Riefenhauser,0.0
350.0,Hobie Harris,0.0
349.0,Erick Threets,1.0
347.0,Dustin Richardson,0.0
344.0,Chia-Jen Lo,1.0
342.0,Montana DuRapau,0.0
341.0,Lendy Castillo,0.0
340.0,Lane Ramsey,0.0
338.0,Ramon Rosso,0.0
337.0,Mason Black,0.0
336.0,Jay Buente,0.0
336.0,Sawyer Gipson-Long,1.0
336.0,Nick Adenhart,1.0
335.0,Ricardo Rodriguez,1.0
334.0,R.J. Alaniz,0.0
333.0,Rogelio Armenteros,0.0
332.0,Jack Leathersich,1.0
332.0,Josh Newman,0.0
331.0,James Marvel,1.0
331.0,Casey Legumina,1.0
330.0,Matt Purke,1.0
328.0,Josh D. Smith,0.0
328.0,Ky Bush,0.0
328.0,Greg Mahle,0.0
327.0,Matt Sauer,1.0
326.0,Erik Cordier,1.0
324.0,Chris Rowley,0.0
324.0,Zebby Matthews,0.0
323.0,Thad Weber,0.0
323.0,Cam Hill,1.0
321.0,Robert Manuel,0.0
320.0,Yilber Diaz,0.0
319.0,Shawn Morimando,0.0
319.0,Jorge De Leon,0.0
319.0,Rocky Cherry,1.0
319.0,Jason Gurka,0.0
318.0,Eric Hacker,0.0
318.0,Chandler Shepherd,1.0
316.0,Austin Maddox,0.0
316.0,Sam Bachman,0.0
316.0,Matt Ginter,0.0
315.0,Edgar Olmos,0.0
313.0,Juan Jaime,1.0
313.0,Jesen Therrien,1.0
311.0,Nefi Ogando,0.0
311.0,Easton Lucas,0.0
311.0,Taylor Guilbeau,0.0
311.0,Frank Mata,1.0
309.0,Jason Schmidt,0.0
309.0,Antonio Santos,0.0
309.0,Wes Littleton,0.0
308.0,Jake Brigham,1.0
307.0,Andrew Carignan,1.0
307.0,Brady Rodgers,1.0
306.0,Matt Gage,0.0
306.0,Rafael Martin,0.0
305.0,Scott Blewett,0.0
304.0,Angel Chivilli,0.0
304.0,Gus Schlosser,0.0
301.0,Nivaldo Rodriguez,0.0
300.0,Barret Browning,0.0
299.0,Gerson Garabito,0.0
298.0,Jacob Lemoine,0.0
298.0,Vinny Nittoli,0.0
297.0,Freddy Tarnok,0.0
295.0,Dan Cortes,0.0
295.0,Joe Borowski,0.0
295.0,Daysbel Hernandez,1.0
295.0,Romulo Sanchez,0.0
295.0,River Ryan,1.0
293.0,Ty Adcock,1.0
293.0,Steven Cruz,0.0
292.0,Bobby Wahl,0.0
291.0,Andrew Saalfrank,1.0
290.0,Brandon Dickson,0.0
290.0,Jose Ortega,0.0
288.0,Geno Espineli,0.0
287.0,Gerson Bautista,0.0
287.0,Chad Beck,0.0
286.0,Cole Winn,0.0
285.0,Hunter Jones,1.0
283.0,Michael O'Connor,0.0
281.0,Chad Paronto,0.0
280.0,Sandy Baez,0.0
280.0,Andrew Faulkner,0.0
279.0,Julian Aguiar,0.0
278.0,David Martinez,0.0
277.0,Kyle Bird,0.0
276.0,Josh Wall,0.0
274.0,Scott Copeland,0.0
274.0,Edward Paredes,0.0
274.0,Roberto Gomez,0.0
273.0,Scott Elarton,0.0
271.0,Angel Felipe,1.0
271.0,Diego Moreno,1.0
269.0,Cole Kimball,0.0
269.0,Jayson Aquino,0.0
269.0,Michael Petersen,0.0
269.0,Mike Hauschild,0.0
268.0,Bailey Horn,1.0
268.0,Myles Jaye,0.0
265.0,Chad Cordero,0.0
263.0,Wilfredo Boscan,0.0
262.0,Brandon Waddell,0.0
262.0,Brad Goldberg,0.0
262.0,Zach Lee,0.0
260.0,Scott Dohmann,0.0
260.0,Kendry Flores,0.0
260.0,Michael Mercado,1.0
260.0,Kyle Hart,1.0
259.0,Tyler Sturdevant,1.0
259.0,Ryan Kelly,0.0
255.0,Josh Judy,0.0
254.0,Patrick McCoy,0.0
254.0,Justin Marks,0.0
254.0,Graham Taylor,0.0
253.0,Steve Hathaway,1.0
250.0,Tyler Cyr,0.0
249.0,Trystan Magnuson,0.0
249.0,Eric Jokisch,0.0
249.0,Jose Manuel Fernandez,0.0
248.0,Konner Wade,0.0
248.0,Anthony Ortega,0.0
248.0,Eric Hanhold,0.0
248.0,Matt Langwell,0.0
248.0,R.J. Swindle,0.0
247.0,Trevor Oaks,1.0
247.0,Brian Moran,1.0
246.0,Nick Gardewine,0.0
244.0,Yoendrys Gomez,1.0
241.0,Casey Crosby,1.0
240.0,Denny Stark,2.0
239.0,Nick Christiani,1.0
238.0,Jake Bloss,0.0
236.0,Pedro Viola,0.0
235.0,Ken Roberts,0.0
234.0,Steven Register,0.0
234.0,Tommy Hottovy,1.0
234.0,Brandon Knight,0.0
234.0,Cesar Carrillo,1.0
233.0,Joey Gerber,0.0
233.0,Carlos Rodriguez,0.0
232.0,Erik Hamren,0.0
232.0,Blake Walston,0.0
231.0,Christian Garcia,2.0
231.0,Casey Daigle,0.0
229.0,Bruce Billings,0.0
229.0,Jose De La Torre,0.0
229.0,Yosver Zulueta,1.0
229.0,Franklyn Kilome,1.0
228.0,Carlos Guevara,0.0
226.0,Anthony Maldonado,0.0
226.0,Kent Mercker,0.0
225.0,Nick Avila,0.0
225.0,Sean Reynolds,0.0
225.0,Ethan Small,1.0
225.0,Dakota Bacus,0.0
224.0,Levi Stoudt,1.0
223.0,Jake Esch,0.0
222.0,Eddie Gamboa,1.0
222.0,Fraser Ellard,0.0
222.0,Jason Hursh,1.0
220.0,Cody Hall,0.0
219.0,Brian Gordon,0.0
218.0,Danny Burawa,0.0
216.0,Patrick Schuster,0.0
215.0,Phoenix Sanders,0.0
215.0,J.T. Ginn,1.0
215.0,Alberto Baldonado,0.0
214.0,Luis Madero,0.0
213.0,John McMillon,0.0
212.0,Christian Bethancourt,0.0
211.0,Michael Crotta,0.0
210.0,Jimmy Barthmaier,1.0
208.0,Cam Vieaux,0.0
208.0,Angel Sanchez,1.0
208.0,Walter Pennington,0.0
207.0,Brett Marshall,1.0
207.0,Hanser Alberto,0.0
206.0,Justin Hancock,0.0
205.0,Jaye Chapman,0.0
205.0,Cody Ege,0.0
204.0,Kai-Wei Teng,0.0
204.0,Austen Williams,1.0
203.0,Francisco Cruceta,0.0
203.0,Alek Jacob,0.0
203.0,Francis Beltran,1.0
203.0,Ryan Eades,0.0
202.0,Jesus Cruz,0.0
201.0,Zack Segovia,1.0
199.0,Alec Bettinger,0.0
198.0,Luke Maile,0.0
198.0,Leyson Septimo,0.0
198.0,Mac Sceroler,0.0
197.0,Jason Hirsh,0.0
195.0,Armando Gabino,0.0
194.0,Gabe Klobosits,1.0
194.0,Drew Hayes,0.0
193.0,Jonathan Aro,0.0
193.0,Yhency Brazoban,1.0
193.0,Hunter Bigge,0.0
192.0,Angel De Jesus,1.0
192.0,A.J. Morris,1.0
191.0,Tommy Romero,0.0
190.0,Ashur Tolliver,0.0
190.0,Brian Broderick,0.0
190.0,Nick Hernandez,1.0
189.0,Eduardo Jimenez,1.0
187.0,Brandon Leibrandt,1.0
186.0,Joe Colon,0.0
184.0,John Gast,1.0
184.0,Zach Kroenke,0.0
184.0,Michael Plassmeyer,0.0
183.0,Deunte Heath,0.0
182.0,Caleb Frare,1.0
180.0,Perci Garner,0.0
178.0,Locke St. John,0.0
178.0,Valerio De Los Santos,1.0
177.0,Evan Justice,0.0
176.0,Jack O'Loughlin,0.0
176.0,Les Walrond,0.0
176.0,Phil Irwin,0.0
174.0,Daniel Camarena,1.0
173.0,Riley O'Brien,0.0
171.0,Jared Wells,0.0
171.0,Prelander Berroa,0.0
171.0,Jake Fishman,0.0
170.0,Derrick Turnbow,0.0
170.0,Ryan Reid,0.0
169.0,Cole Waites,1.0
168.0,Jhon Romero,1.0
168.0,Chin-hui Tsao,0.0
167.0,Dustin Molleken,1.0
167.0,Juan Then,0.0
167.0,Chris Gimenez,0.0
166.0,Devin Sweet,0.0
165.0,Bill Murphy,0.0
165.0,Kevin McGowan,0.0
165.0,Evan Lee,0.0
165.0,Guillermo Zuniga,0.0
164.0,Onelki Garcia,0.0
164.0,Jeremy Walker,0.0
164.0,Mark Worrell,1.0
162.0,Robinson Leyer,0.0
162.0,Tobi Stoner,0.0
160.0,Scott Mathieson,2.0
160.0,Anthony Slama,0.0
159.0,Erik Davis,1.0
159.0,Eric Fornataro,0.0
158.0,Levale Speigner,0.0
157.0,CD Pelham,0.0
157.0,Jared Solomon,1.0
157.0,Omar Beltre,0.0
157.0,Amauri Sanit,0.0
156.0,Jon Meloan,1.0
155.0,Jeff Ridgway,0.0
154.0,Collin Wiles,1.0
154.0,John Koronka,0.0
153.0,Tyler Jay,0.0
152.0,Ben Braymer,0.0
152.0,Victor Mederos,0.0
152.0,Jonathan Stiever,0.0
151.0,Lee Gardner,0.0
150.0,Edgar Navarro,1.0
150.0,Shane Lindsay,0.0
150.0,John Holdzkom,1.0
149.0,Mark Appel,0.0
149.0,Andrew Romine,0.0
149.0,Micah Bowie,0.0
149.0,Evan Crawford,0.0
149.0,Felix Jorge,0.0
148.0,Hernan Perez,0.0
148.0,Barrett Astin,0.0
147.0,Madison Younginer,0.0
146.0,Will Klein,0.0
146.0,A.J. Murray,0.0
146.0,Edwar Cabrera,0.0
145.0,Brandon Mann,0.0
145.0,Jen-Ho Tseng,0.0
144.0,Jailen Peguero,0.0
144.0,Jeff Criswell,0.0
144.0,Juan Abreu,0.0
144.0,Chad Girodo,0.0
143.0,Ty Madden,0.0
142.0,Ty Tice,0.0
141.0,Abel De Los Santos,0.0
141.0,Jason Lane,0.0
140.0,Troy Taylor,0.0
140.0,Mark Hamburger,0.0
139.0,Nicholas Padilla,1.0
139.0,Jon Link,0.0
138.0,Connor Gillispie,0.0
138.0,Mike Brosseau,0.0
137.0,Tony Armas,0.0
136.0,Enmanuel De Jesus,0.0
135.0,P.J. Conlon,0.0
134.0,Matt Krook,1.0
134.0,Foster Griffin,1.0
134.0,Matt Wise,1.0
133.0,Anderson Severino,0.0
133.0,Grant Holman,0.0
133.0,Hurston Waldrep,0.0
132.0,Daniel Stange,1.0
132.0,Carson Kelly,0.0
131.0,Kurt Birkins,0.0
131.0,Jed Bradley,0.0
130.0,Rob Delaney,0.0
130.0,Miguel Alfredo Gonzalez,0.0
130.0,Rich Rundles,0.0
129.0,Phil Stockman,0.0
129.0,Patrick Weigel,1.0
129.0,Aaron Northcraft,0.0
129.0,Alejandro Chacin,0.0
129.0,Kody Clemens,1.0
128.0,Winston Abreu,1.0
127.0,Darien Nunez,1.0
127.0,Erik Kratz,0.0
126.0,Matt West,1.0
125.0,Matt Fox,0.0
124.0,Jesse English,0.0
124.0,Garrett Acton,1.0
124.0,Tyler White,0.0
124.0,Jonathan Bowlan,1.0
123.0,Seth Rosin,0.0
123.0,Chang-Yong Lim,2.0
123.0,Donnie Joseph,0.0
122.0,Juan Salas,0.0
122.0,Riley Pint,0.0
121.0,Jairo Labourt,0.0
121.0,Jace Peterson,0.0
120.0,Drew Butera,0.0
119.0,Ray King,0.0
119.0,Bill White,0.0
119.0,Cesar Cabral,0.0
119.0,Max Lazar,1.0
119.0,Guido Knudson,0.0
118.0,Rick Bauer,0.0
117.0,Ricardo Sanchez,1.0
117.0,Julian Fernandez,1.0
117.0,Garrett Stubbs,0.0
116.0,Tanner Tully,0.0
116.0,Damon Jones,0.0
116.0,Connor Robertson,0.0
116.0,Jacob Lindgren,2.0
115.0,Angel Rondon,0.0
115.0,Ryan Bukvich,1.0
115.0,Mauricio Robles,0.0
114.0,Jhonny Nunez,0.0
114.0,Braden Bristo,0.0
114.0,Wei-Chieh Huang,0.0
114.0,Jay Marshall,0.0
112.0,Taylor Thompson,0.0
112.0,Raynel Espinal,1.0
111.0,Kevin Plawecki,0.0
111.0,Chris Schroder,0.0
111.0,Harold Castro,0.0
111.0,Kyle Hurt,1.0
111.0,Sterling Sharp,0.0
110.0,Hideo Nomo,0.0
110.0,Easton McGee,1.0
110.0,Joe Bisenius,0.0
109.0,D.J. Snelten,0.0
109.0,Willians Astudillo,0.0
108.0,Scott Patterson,0.0
107.0,Charlie Culberson,0.0
107.0,Brett Bochy,1.0
107.0,Anthony Claggett,0.0
106.0,Roman Quinn,0.0
106.0,Arcenio Leon,0.0
106.0,Sandy Leon,0.0
105.0,Gordon Graceffo,0.0
105.0,James Bourque,1.0
105.0,Josh Harrison,0.0
105.0,Luis Contreras,0.0
104.0,Alex Speas,1.0
104.0,Luis Escobar,0.0
104.0,Miguel Aguilar,0.0
104.0,Jamie Callahan,0.0
103.0,Chad Fox,2.0
103.0,Austin Kitchen,0.0
103.0,Matt Wotherspoon,0.0
102.0,Clayton Andrews,0.0
102.0,Josh Butler,0.0
101.0,Caleb Boushley,0.0
101.0,Yhonathan Barrios,0.0
101.0,Ty Taubenheim,0.0
100.0,Zack Short,0.0
100.0,Kolton Ingram,0.0
100.0,Anthony Veneziano,0.0
100.0,Owen White,1.0
99.0,Kazuo Fukumori,0.0
99.0,Michael McGreevy,0.0
99.0,Jacob Stallings,0.0
99.0,Cade Cavalli,1.0
99.0,Devon Lowery,0.0
99.0,Mike Ford,0.0
98.0,Armando Benitez,0.0
97.0,Charles Brewer,0.0
97.0,Brandon Bailey,2.0
97.0,Orlando Ribalta,0.0
97.0,Jeff Lindgren,0.0
96.0,Jerry Vasto,1.0
96.0,Max Povse,0.0
96.0,Josh Maciejewski,0.0
96.0,Raudel Lazo,1.0
96.0,Devern Hansack,0.0
95.0,Caden Dana,0.0
95.0,Henry Villar,0.0
95.0,Zach Muckenhirn,0.0
94.0,Forrest Whitley,1.0
94.0,Mason Tobin,2.0
94.0,Ryan Dennick,0.0
93.0,Jared Walsh,1.0
93.0,Alan Johnson,0.0
92.0,Kelvim Escobar,0.0
92.0,Adam Pettyjohn,0.0
92.0,Elih Villanueva,0.0
92.0,Nick Snyder,1.0
91.0,Rudy Owens,0.0
91.0,Isaac Mattson,0.0
90.0,Stu Pomeranz,0.0
90.0,Johan Quezada,0.0
90.0,Matt Davidson,0.0
90.0,Jordan Jankowski,0.0
89.0,Jeff Mathis,0.0
89.0,Jesus Sucre,0.0
89.0,Brett Phillips,0.0
88.0,Angel Castro,0.0
88.0,Enderson Franco,0.0
87.0,Red Patterson,1.0
87.0,Skip Schumaker,0.0
87.0,Atahualpa Severino,0.0
87.0,Alex Blandino,0.0
87.0,Justin James,0.0
86.0,Luis Gonzalez,1.0
86.0,McKinley Moore,0.0
85.0,Rob Kaminsky,0.0
85.0,Nick Gordon,0.0
85.0,Jack Egbert,1.0
85.0,Daniel Descalso,0.0
84.0,Bryce Montes de Oca,2.0
84.0,D.J. Mitchell,0.0
84.0,Charlie Zink,0.0
84.0,Frank German,0.0
83.0,Kyle Lloyd,0.0
83.0,Brandon Eisert,0.0
82.0,Vicente Campos,1.0
82.0,Daniel Robert,1.0
82.0,Shea Spitzbarth,0.0
82.0,Chayce McDermott,0.0
81.0,Carlos Vargas,1.0
81.0,Fernando Hernandez,0.0
81.0,Kevin Whelan,0.0
80.0,Jorge Guzman,0.0
80.0,Brandyn Sittinger,0.0
80.0,Edgar Ibarra,0.0
80.0,Luis Guillorme,0.0
79.0,Bryan Holaday,0.0
79.0,Tyler Ivey,0.0
79.0,Samuel Aldegheri,0.0
79.0,Francisco Morales,0.0
79.0,Jesus Reyes,1.0
78.0,John Ryan Murphy,0.0
78.0,Kei Igawa,0.0
78.0,Ernie Clement,0.0
78.0,Jeff Marquez,0.0
77.0,Rhett Lowder,0.0
76.0,Blake Smith,0.0
76.0,Steve Ames,0.0
75.0,Matt DeSalvo,0.0
75.0,Jose Mujica,1.0
75.0,Jackson Wolf,0.0
74.0,Stephen Ridings,1.0
74.0,Cristofer Ogando,0.0
74.0,Damien Magnifico,0.0
74.0,Josh VanMeter,0.0
74.0,Stevie Wilkerson,0.0
73.0,Danny Hultzen,0.0
73.0,Luis Peralta,0.0
72.0,David Fry,0.0
71.0,Cody Sedlock,1.0
71.0,Mickey Jannis,0.0
71.0,Eli Villalobos,0.0
71.0,Pablo Reyes,0.0
71.0,Austin Hedges,0.0
70.0,Josh Towers,0.0
70.0,Tucker Barnhart,0.0
70.0,Ryan Zeferjahn,0.0
70.0,Cristian Mena,0.0
70.0,Elizardo Ramirez,0.0
69.0,Bryan Price,0.0
69.0,Toru Murata,0.0
69.0,Isiah Kiner-Falefa,0.0
68.0,Brett Eibner,1.0
68.0,Danny Mendick,0.0
68.0,Eric Sogard,0.0
67.0,Chase Shugart,0.0
67.0,Blake Cederlind,1.0
67.0,Jon Adkins,0.0
67.0,Jack Neely,0.0
67.0,Scott Snodgress,0.0
67.0,Jon Switzer,0.0
66.0,Seth Romero,1.0
66.0,Jose De Paula,0.0
66.0,Bobby Mosebach,0.0
65.0,Luke Williams,0.0
65.0,Jake Walsh,1.0
65.0,Conor Mullee,1.0
64.0,Paul Janish,1.0
64.0,Matt Buschmann,0.0
64.0,Victor Caratini,0.0
64.0,Justin Sterner,0.0
63.0,Chris Owings,0.0
63.0,Arturo Lopez,0.0
63.0,Josh Rojas,0.0
62.0,Naoyuki Uwasawa,0.0
62.0,Alex Gordon,0.0
61.0,Jay Flaa,0.0
61.0,Victor Garate,0.0
61.0,Ricardo Rincon,1.0
60.0,Eduardo Escobar,0.0
60.0,Juan Morillo,0.0
60.0,Diego A. Castillo,0.0
59.0,Dean Deetz,1.0
59.0,Wilmer Difo,0.0
58.0,Nicky Lopez,0.0
58.0,Brett Sinkbeil,0.0
58.0,Kelvin Marte,0.0
58.0,Chris Rearick,0.0
58.0,Layne Somsen,1.0
57.0,Jake Wong,1.0
57.0,Josh Wilson,0.0
57.0,Rowdy Tellez,0.0
56.0,Jake Bauers,0.0
56.0,Miguel Montero,0.0
56.0,Jake Smith,0.0
56.0,Jason Wheeler,0.0
56.0,Casper Wells,0.0
56.0,Emmanuel Rivera,0.0
55.0,Ryan Verdugo,0.0
55.0,Eddie Kunz,0.0
55.0,Andrew Brackman,1.0
55.0,Bradin Hagens,0.0
55.0,Brandon Crawford,0.0
54.0,Luke Barker,1.0
53.0,John Gaub,0.0
52.0,David Davidson,0.0
52.0,Brody Koerner,0.0
51.0,Jose Lopez,1.0
51.0,Parker Dunshee,0.0
51.0,Ehire Adrianza,0.0
51.0,Ryan Miller,1.0
51.0,Willi Castro,0.0
51.0,Enrique Hernandez,0.0
51.0,Chris Reed,0.0
50.0,Hector Perez,0.0
50.0,Nate Fisher,1.0
50.0,Brian Slocum,0.0
49.0,Ryan McKenna,0.0
49.0,Mike Freeman,0.0
49.0,Brandon Dixon,0.0
49.0,Jonathan Bermudez,0.0
49.0,Carlos Sanabria,0.0
49.0,Max Schrock,0.0
48.0,Jose Reyes,0.0
48.0,Leury Garcia,0.0
48.0,Jeff Francoeur,0.0
48.0,Manny Barreda,1.0
48.0,Darnell McDonald,0.0
48.0,Andrew Taylor,0.0
47.0,Andrew Knizner,0.0
47.0,Murphy Smith,0.0
46.0,Ildemaro Vargas,0.0
46.0,Zach McKinstry,0.0
46.0,Mitch Moreland,0.0
46.0,Ryan Hartman,0.0
46.0,Chris Dwyer,0.0
45.0,Alec Burleson,0.0
45.0,Martin Maldonado,0.0
45.0,Ronald Herrera,0.0
45.0,Russell Martin,0.0
45.0,Gerardo Concepcion,0.0
45.0,Chris Davis,0.0
44.0,Jesus Delgado,1.0
44.0,Brady Feigl,1.0
44.0,Roel Ramirez,0.0
44.0,Giovanni Soto,0.0
43.0,Aneurys Zabala,0.0
43.0,Mark Mulder,0.0
43.0,Jose Trevino,0.0
43.0,Wil Myers,0.0
42.0,Carlos Perez,0.0
42.0,J.D. Davis,0.0
42.0,Eric Orze,0.0
42.0,Brock Holt,0.0
42.0,Tom Murphy,0.0
42.0,Joe Mather,0.0
42.0,Dustin Antolin,1.0
42.0,Frank Schwindel,0.0
42.0,Kyle Martin,0.0
41.0,A.J. Ladwig,1.0
41.0,Brady Basso,1.0
41.0,Luke Raley,0.0
40.0,Santiago Espinal,0.0
40.0,Scott Strickland,1.0
40.0,Orlando Arcia,0.0
40.0,Daniel Davidson,0.0
40.0,Cory Spangenberg,0.0
40.0,Yadier Molina,0.0
39.0,Zac Kristofak,1.0
39.0,Blair Henley,1.0
39.0,Austin Romine,0.0
39.0,David Murphy,0.0
39.0,Matt Tracy,0.0
39.0,Bernardo Flores Jr.,0.0
39.0,Brad Miller,0.0
39.0,Tanyon Sturtze,0.0
38.0,Mike Carp,0.0
38.0,Jose Herrera,0.0
38.0,Alex Avila,0.0
38.0,Ryan Raburn,0.0
37.0,Matt Mervis,0.0
37.0,Miguel Rojas,0.0
37.0,Luis Torrens,0.0
37.0,Michael A. Taylor,0.0
37.0,Kendrys Morales,0.0
37.0,Anthony Bemboom,0.0
37.0,Owen Miller,0.0
36.0,Cliff Pennington,0.0
36.0,Ben Rortvedt,0.0
36.0,Zach Clark,0.0
36.0,Kelvin Caceres,0.0
36.0,Tyler Fitzgerald,0.0
36.0,Danny Worth,0.0
35.0,Darin Ruf,0.0
35.0,Kyle Farmer,0.0
35.0,John Nogowski,0.0
35.0,Dylan Moore,0.0
35.0,Ryan Loutos,0.0
35.0,Austin Wynns,0.0
35.0,Nick Green,0.0
35.0,Adam Rosales,0.0
35.0,Jose Capellan,1.0
34.0,Randy Wynne,0.0
34.0,Matt Duffy,0.0
34.0,Ronald Torreyes,0.0
34.0,Mike Belfiore,0.0
33.0,Brailyn Marquez,0.0
33.0,Sheldon Neuse,0.0
33.0,Wilking Rodriguez,0.0
32.0,Pedro Florimon,0.0
32.0,Adonis Rosa,0.0
32.0,Yermin Mercedes,0.0
32.0,Jordan Luplow,0.0
32.0,Francisco Arcia,0.0
31.0,Jose Osuna,0.0
31.0,Jason Waddell,0.0
31.0,William Woods,0.0
31.0,Jedd Gyorko,0.0
31.0,Dominic Smith,0.0
30.0,Wes Whisler,0.0
30.0,Seth Halvorsen,1.0
30.0,Jackie Bradley Jr.,0.0
30.0,Carlos Ruiz,0.0
30.0,Joselo Diaz,0.0
30.0,Fabio Castillo,0.0
30.0,Adam McCreery,0.0
29.0,Taylor Motter,0.0
29.0,Mike Yastrzemski,0.0
29.0,Nick Maton,0.0
29.0,Jose Peraza,0.0
29.0,Jonathan Van Every,0.0
29.0,Aaron Miles,0.0
29.0,James Houser,0.0
29.0,Humberto Sanchez,1.0
29.0,Robel Garcia,0.0
28.0,Dee Strange-Gordon,0.0
28.0,Carmen Pignatiello,0.0
28.0,Alexei Ramirez,0.0
28.0,Ricky Vanasco,1.0
28.0,Jake Elmore,0.0
28.0,Richard Urena,0.0
28.0,Francisco Mejia,0.0
28.0,Ty France,0.0
28.0,David Peralta,0.0
28.0,Brendan Ryan,0.0
28.0,Daniel Robertson,0.0
28.0,Albert Almora Jr.,0.0
28.0,Yolmer Sanchez,0.0
28.0,Jake Hager,0.0
28.0,Jairo Iriarte,0.0
27.0,Erik Sabrowski,2.0
27.0,Ian Kinsler,0.0
27.0,Logan Forsythe,0.0
27.0,Kyle Snyder,1.0
27.0,Brian Bogusevic,0.0
27.0,Albert Pujols,0.0
27.0,Brandon Drury,0.0
27.0,Jesmuel Valentin,0.0
26.0,Jae Kuk Ryu,0.0
26.0,Rene Pinto,0.0
26.0,Yu Chang,0.0
26.0,JB Shuck,0.0
26.0,Zach Brzykcy,1.0
26.0,Matthew Batten,0.0
26.0,Alejo Lopez,0.0
26.0,Ike Davis,0.0
26.0,Chad Pinder,0.0
26.0,Matt Carpenter,1.0
25.0,Andrelton Simmons,0.0
25.0,Alan Trejo,0.0
25.0,Raymond Burgos,1.0
25.0,Jason Vosler,0.0
25.0,Mike Tauchman,0.0
25.0,Jose Espada,0.0
25.0,Gerardo Parra,0.0
25.0,Mitch Maier,0.0
24.0,Luis Sardinas,0.0
24.0,Marcus Hatley,1.0
24.0,Andy Burns,0.0
24.0,James McCann,0.0
24.0,Edwar Colina,0.0
24.0,Alcides Escobar,0.0
24.0,Tommy La Stella,0.0
24.0,Mark Reynolds,0.0
24.0,Jay Sborz,0.0
23.0,Evan MacLane,0.0
23.0,Humberto Arteaga,0.0
23.0,Melvin Mercedes,0.0
23.0,Hunter Dozier,0.0
22.0,Tzu-Wei Lin,0.0
22.0,Matt Beaty,0.0
22.0,Nate Eaton,0.0
22.0,Adam Dunn,0.0
22.0,Nick Swisher,0.0
22.0,John Cornely,0.0
21.0,Ricky Karcher,1.0
21.0,Pablo Sandoval,1.0
21.0,Matt Wallner,0.0
21.0,Lane Thomas,0.0
21.0,Donovan Walton,0.0
21.0,Felipe Lopez,0.0
21.0,Scooter Gennett,0.0
21.0,Carlos Gomez,0.0
20.0,Craig Gentry,1.0
20.0,Norichika Aoki,0.0
20.0,Kyle Dohy,0.0
20.0,Jonny Gomes,0.0
20.0,Ka'ai Tom,0.0
20.0,Duke Welker,1.0
19.0,Travis Snider,0.0
19.0,Ben Zobrist,0.0
19.0,Ruben Tejada,0.0
19.0,Dewayne Wise,0.0
19.0,Cody Ross,0.0
19.0,Aaron Altherr,0.0
19.0,David Ross,0.0
19.0,Ryan Flaherty,0.0
18.0,Corey Dickerson,0.0
18.0,Jamie Burke,0.0
18.0,Johnny Field,0.0
18.0,Bubby Rossman,0.0
18.0,Ichiro Suzuki,0.0
18.0,Bryan Petersen,0.0
18.0,Josh Lester,0.0
18.0,Aaron Hicks,1.0
17.0,Josh Reddick,0.0
17.0,Asdrubal Cabrera,0.0
17.0,Miles Mastrobuoni,0.0
17.0,Ryan LaMarre,0.0
17.0,Leonys Martin,0.0
17.0,Dean Anna,0.0
17.0,Jonathan Schoop,0.0
17.0,Jake Rogers,1.0
17.0,Travis Demeritte,0.0
17.0,Garrett Jones,0.0
17.0,Nick Franklin,0.0
17.0,Anthony Rizzo,0.0
17.0,Pavin Smith,1.0
16.0,Nash Walters,1.0
16.0,James Meeker,0.0
16.0,Christian Arroyo,0.0
16.0,Anthony Recker,0.0
16.0,Darwin Barney,0.0
16.0,Justin Freeman,0.0
16.0,Ross Gload,0.0
16.0,Nick Martini,0.0
16.0,Jon Jay,0.0
16.0,Brian Dozier,0.0
16.0,Dan Slania,0.0
16.0,Nick Duron,1.0
16.0,Chase d'Arnaud,0.0
16.0,Jack Mayfield,0.0
16.0,Brett Nicholas,0.0
16.0,Michael Cuddyer,0.0
16.0,Tyler Ladendorf,0.0
16.0,Cam Alldred,0.0
16.0,Scott Kingery,0.0
16.0,Vidal Brujan,0.0
15.0,Jaff Decker,0.0
15.0,Ian Desmond,0.0
15.0,Marwin Gonzalez,0.0
15.0,David Bote,0.0
15.0,Nick Pratto,0.0
15.0,Jose Rondon,0.0
15.0,Adam Kloffenstein,0.0
15.0,Ryan Goins,0.0
14.0,Akeem Bostick,0.0
14.0,Eduardo Nunez,0.0
14.0,Nick Allgeyer,1.0
14.0,Neil Walker,0.0
14.0,Shane Robinson,0.0
14.0,Mitch Garver,0.0
14.0,Jared Hoying,0.0
14.0,Rob Johnson,0.0
13.0,Andy Marte,0.0
13.0,Garrett Hampson,0.0
13.0,Erick Aybar,0.0
13.0,Tim Federowicz,0.0
13.0,Patrick Wisdom,0.0
13.0,Steve Tolleson,0.0
13.0,Todd Frazier,0.0
13.0,Jeremy Bleich,0.0
13.0,Neal Musser,0.0
13.0,Dusty Brown,0.0
13.0,Whit Merrifield,0.0
12.0,Taylor Davis,0.0
12.0,John McDonald,0.0
12.0,Jonathan Arauz,0.0
12.0,Michael Martinez,0.0
12.0,AJ Reed,0.0
12.0,Rob Brantly,0.0
12.0,Mike McCoy,0.0
12.0,Tony Pena Jr.,0.0
12.0,Oswaldo Cabrera,0.0
12.0,Tim Lopes,0.0
12.0,Ben Casparius,0.0
12.0,Adam LaRoche,0.0
11.0,Josh Donaldson,0.0
11.0,Grae Kessinger,0.0
11.0,Matt Ramsey,1.0
11.0,Chris Vallimont,0.0
11.0,Bill Hall,0.0
11.0,Bligh Madris,0.0
11.0,John Baker,1.0
11.0,Blair Calvo,1.0
11.0,Leo Rivas,0.0
11.0,Tyson Brummett,0.0
11.0,Brett Wisely,0.0
11.0,Sean Rodriguez,0.0
10.0,J.P. Arencibia,0.0
10.0,Cole Tucker,0.0
10.0,Randal Grichuk,0.0
10.0,Josh Phegley,0.0
10.0,Greg Garcia,0.0
10.0,Wilson Valdez,0.0
10.0,Kevin Cash,0.0
10.0,Osmer Morales,0.0
10.0,Wyatt Mathisen,0.0
10.0,Yonny Hernandez,0.0
10.0,Alex Serrano,0.0
10.0,Franmil Reyes,0.0
10.0,Justin Turner,0.0
9.0,Carlos Tocci,0.0
9.0,Joshua Fuentes,0.0
9.0,Clint Robinson,0.0
9.0,Jake Smolinski,0.0
9.0,Jamey Carroll,0.0
9.0,Steve Garrison,0.0
9.0,Caleb Joseph,0.0
8.0,Weston Wilson,0.0
8.0,David Villar,0.0
8.0,Jake Lamb,0.0
8.0,Ryan Rua,0.0
8.0,Nick Loftin,0.0
8.0,Andres Blanco,0.0
8.0,Brian Serven,0.0
8.0,Brandon Guyer,0.0
8.0,Ian Happ,0.0
8.0,Jermaine Palacios,0.0
7.0,Hagen Danner,0.0
7.0,Jake Cronenworth,0.0
7.0,Danny Valencia,0.0
7.0,Pat Valaika,0.0
7.0,Jarrett Grube,0.0
7.0,Tyler Heineman,0.0
7.0,Reese McGuire,0.0
6.0,Kevin Pillar,0.0
6.0,Seby Zavala,1.0
6.0,Joe Inglett,0.0
6.0,Austin Slater,0.0
6.0,Lyle Overbay,0.0
6.0,Darick Hall,0.0
5.0,Tyler Moore,0.0
5.0,Sam Fuld,0.0
5.0,Tyler Holt,0.0
5.0,Phillip Evans,0.0
5.0,Alberto Gonzalez,0.0
5.0,Max Stassi,0.0
5.0,Phil Gosselin,0.0
5.0,Don Kelly,1.0
4.0,Andrew Knapp,1.0
4.0,Sergio Alcantara,0.0
4.0,Evan Kravetz,0.0
4.0,Romy Gonzalez,0.0
3.0,Alexi Amarista,0.0
3.0,Mark Loretta,0.0
3.0,Miguel Sano,1.0
3.0,Phillip Ervin,0.0
3.0,Clayton Beeter,1.0
2.0,Chris Denorfia,1.0
